5523,5525,3416,3714,4820,3522,5713,6957,3139,3926,5376,4183,4400,5639,4696,4402,4972,5637,3211,4518,5299,5083,4812,6816,6901,4912,5600,6629,5213,7584,5216,5315,5314,5316,5317,5815,5318,5879,6028,2477,6030,6322,5880,6042,5712,3954,4927,5353,5946,6242,6508,4913,5771,5903,7774,6078,5890,5891,5979,5714,5942,5981,6040,6116,6041,3753,4432,4434,5455,7680,7712,4813,5451,6131,5312,6129,6844,5655,6178,6176,5945,5149,7042,4926,5599,5602,5394,6074,3713,5379,5885,5377,5297,7374,7531,6091,3835,5332,5546,5769,6093,6191,6193,6194,6245,5834,6277,6333,6337,6027,5240,5239,7295,7721,5833,6029,5509,7142,6134,6179,7076,7146,6290,7787,6323,5991,7786,5989,7823,6130,6132,6321,6287,6075,5768,5957,6058,6255,6256,5958,6076,4436,6331,6845,6037,6077,6186,6188,6243,6429
2,2,0,0,0,1,1,1,0,1,0,0,0,0,1,0,0,0,1,0,0,1,0,2,1,1,1,2,1,4,1,0,0,0,2,1,1,1,0,0,1,1,0,2,1,2,1,1,0,1,1,0,0,1,3,1,1,0,1,0,1,1,2,1,1,0,0,0,2,2,2,1,1,1,0,0,2,2,2,1,0,1,1,1,1,1,0,0,0,1,0,0,0,1,2,1,0,1,0,1,1,0,2,1,0,1,0,1,1,0,0,1,4,3,1,1,1,3,1,0,2,3,1,5,1,0,3,1,7,1,1,0,1,0,1,1,0,2,1,2,0,0,0,3,2,1,1,0,2,0
2,0,0,0,0,0,1,2,0,1,0,0,0,1,0,0,0,0,0,0,0,0,0,0,1,1,0,1,0,2,1,1,0,0,1,2,0,1,0,0,0,1,1,2,1,0,1,0,1,1,1,0,1,2,4,2,1,0,0,0,0,1,1,1,0,0,0,0,3,1,2,0,0,1,0,0,2,2,1,0,0,0,1,1,0,1,0,0,0,1,1,1,0,1,1,0,0,1,1,2,1,0,0,0,0,0,0,1,2,0,1,0,2,4,1,0,1,3,2,0,2,2,2,4,0,1,5,1,6,1,1,0,0,0,0,2,1,1,0,1,1,0,0,2,2,1,1,0,2,0
2,1,0,0,0,1,1,2,0,0,0,0,0,1,1,1,0,1,0,0,0,0,0,1,2,0,0,2,0,2,2,0,1,1,0,1,0,0,1,0,1,0,2,1,1,0,0,0,0,2,0,0,0,1,3,1,1,0,1,0,1,1,2,0,1,0,1,1,3,2,1,1,1,2,0,1,2,1,0,0,0,0,1,2,0,1,1,0,0,1,2,1,0,3,1,2,0,1,1,1,1,1,0,1,0,0,0,2,1,0,0,0,3,3,0,1,0,3,2,0,3,3,1,4,1,1,6,1,3,0,1,1,1,0,0,1,1,2,0,2,0,0,0,4,2,2,2,1,2,1
2,1,1,1,2,2,0,3,0,1,1,0,1,2,0,1,2,0,0,0,0,1,1,2,4,0,2,2,0,3,1,1,2,1,1,3,1,1,1,0,1,2,2,0,2,0,1,0,1,2,1,2,1,0,6,1,1,0,1,1,1,2,3,0,3,0,1,1,5,4,4,1,1,2,0,2,4,3,0,1,1,0,1,3,2,1,0,2,1,1,8,3,1,4,7,2,0,1,1,0,2,2,1,2,1,6,3,3,1,1,1,2,4,4,0,2,2,6,1,0,2,4,2,7,2,3,7,4,8,2,2,1,4,2,1,2,2,2,1,2,2,1,4,6,4,2,4,1,2,2
4,4,1,1,2,4,1,3,0,4,5,0,3,3,3,1,4,0,0,1,3,3,1,5,4,0,3,5,4,8,6,3,3,3,1,8,1,2,1,0,4,2,3,2,5,0,2,2,5,4,3,7,3,0,17,7,4,2,2,3,5,5,5,4,6,1,6,4,3,6,8,2,3,1,2,1,14,5,2,0,1,3,4,7,6,5,1,2,2,4,16,4,3,11,16,5,6,1,2,2,2,5,3,6,2,12,6,3,2,1,1,2,4,3,1,3,4,14,4,2,5,6,5,8,0,8,8,10,13,4,16,4,7,4,3,7,5,3,4,3,3,2,6,8,9,3,4,1,4,3
4,5,2,1,3,4,3,7,0,9,9,0,1,6,6,4,4,2,1,3,7,5,3,8,6,0,5,8,4,16,6,4,4,4,2,14,3,3,2,0,3,1,4,4,9,0,3,2,9,3,4,7,4,1,18,12,5,2,5,5,5,7,7,7,10,2,5,5,4,6,10,3,3,3,3,3,15,5,4,1,4,4,5,11,7,7,2,2,2,4,15,4,6,9,17,10,10,3,5,4,4,4,5,6,2,15,15,4,4,3,2,3,7,6,1,4,6,20,5,3,7,11,5,9,3,11,10,15,10,7,7,6,9,6,4,12,3,3,7,3,5,1,8,9,10,5,4,2,5,5
5,5,3,0,6,3,6,9,0,12,7,1,3,5,7,4,5,3,2,2,7,5,4,9,7,1,6,11,6,17,9,3,3,7,2,14,0,6,1,2,3,2,3,4,9,1,4,2,9,3,5,9,4,3,19,8,7,4,5,4,6,5,10,8,12,2,3,5,5,6,16,3,3,4,2,6,14,8,5,2,5,3,3,11,8,7,2,3,1,4,21,5,5,11,15,7,15,3,7,3,5,4,7,13,4,15,14,4,4,6,3,4,6,8,1,7,7,21,6,6,8,10,4,8,2,12,13,14,10,9,9,5,12,3,4,7,4,4,6,3,6,1,8,7,10,6,3,2,5,8
6,6,2,1,4,4,3,12,0,16,7,0,4,6,7,5,9,2,1,1,8,8,2,7,8,1,6,12,11,23,10,6,5,6,2,14,4,10,3,3,6,3,5,4,7,0,3,2,9,2,3,5,3,3,20,12,6,2,5,4,7,8,10,8,14,4,5,6,5,5,12,3,4,4,2,5,12,7,3,3,5,1,5,10,8,5,2,4,2,4,16,6,6,10,17,8,16,3,7,5,4,4,10,12,2,14,18,5,4,6,4,3,10,7,1,4,5,16,7,6,9,9,4,9,4,12,15,13,11,4,12,6,10,4,6,6,4,4,7,2,7,2,7,5,11,3,2,3,4,7
9,6,2,1,6,3,5,15,1,12,7,0,6,7,3,6,8,2,1,1,8,10,3,6,5,0,7,10,10,27,12,6,5,4,3,15,2,6,3,3,6,3,5,6,8,0,2,3,9,2,3,7,3,5,19,10,10,3,5,6,6,7,10,9,16,3,4,6,4,4,12,2,2,2,1,4,13,5,4,2,4,3,3,10,9,6,2,4,2,4,16,3,7,8,18,5,10,2,6,4,5,6,10,16,2,15,21,6,5,3,5,2,11,7,2,2,4,14,4,6,6,9,4,7,2,10,16,11,12,6,12,6,10,4,4,6,4,6,8,2,5,1,8,6,11,4,4,2,5,5
7,7,3,1,5,1,3,19,0,9,7,1,5,6,3,7,8,2,1,2,10,14,3,8,5,2,3,13,7,23,10,5,6,7,2,13,3,6,3,2,5,5,5,8,7,0,1,2,11,2,3,7,4,8,24,11,7,3,6,6,5,7,10,8,15,2,5,7,6,3,10,2,2,3,2,4,11,9,4,3,2,1,3,11,5,5,2,4,2,3,21,3,7,11,15,6,5,2,5,5,6,6,7,15,2,18,19,7,4,5,2,3,10,8,1,3,5,15,7,4,6,11,5,9,5,10,12,13,11,6,9,10,14,4,4,6,6,5,8,2,7,2,8,5,12,5,4,2,4,5
5,6,2,0,4,3,4,16,0,12,9,1,3,5,3,6,6,2,0,3,9,11,3,8,6,2,4,8,7,24,8,8,6,7,3,13,5,5,3,0,8,4,4,7,7,1,2,1,12,2,4,8,4,5,20,12,10,3,4,7,7,4,8,10,14,2,6,5,7,5,13,2,1,3,1,5,9,13,2,3,3,2,3,9,11,7,2,3,2,2,23,5,6,8,17,9,5,2,6,4,5,5,9,13,3,22,17,6,4,9,2,3,9,5,1,6,3,16,7,6,7,10,5,7,7,11,13,14,12,7,8,8,11,4,3,7,7,6,7,3,8,1,5,5,15,4,2,1,5,6
6,5,3,1,3,4,5,13,0,11,8,1,3,5,2,7,5,3,1,1,10,10,3,10,6,0,5,10,9,19,5,7,5,4,3,12,4,7,3,4,7,4,6,7,7,1,1,2,11,0,3,6,4,7,19,9,6,3,3,5,3,6,8,10,12,2,4,6,4,3,13,1,1,2,2,6,10,7,4,2,3,2,4,12,8,9,1,3,1,3,21,3,6,6,17,7,7,3,4,3,6,6,9,17,2,22,20,6,6,5,2,2,9,3,0,6,4,18,5,9,6,10,6,9,5,13,12,15,9,5,7,12,10,3,4,8,6,4,7,2,6,1,5,5,14,4,3,2,5,5
7,6,2,1,4,2,3,11,1,13,7,2,3,3,2,6,5,2,2,2,11,13,4,13,5,1,4,10,9,25,9,6,4,6,4,15,3,6,5,2,6,4,2,7,8,2,1,2,10,1,5,7,4,6,19,14,6,3,4,4,7,6,9,6,11,3,3,6,3,4,12,2,2,1,3,3,12,7,2,2,4,2,3,11,11,9,2,2,1,4,31,5,5,8,23,8,6,5,6,2,7,6,7,20,3,24,20,4,6,6,2,2,9,6,0,5,5,17,4,8,7,11,3,10,3,11,14,12,10,9,11,7,16,2,4,7,4,5,9,2,9,0,6,6,15,4,4,1,6,6
6,6,3,2,5,3,3,13,1,9,13,1,4,6,1,8,6,3,1,1,15,13,4,11,6,1,3,9,10,29,7,5,5,9,2,12,4,7,4,3,8,6,4,6,7,1,1,2,14,1,5,9,4,6,22,15,7,2,5,4,7,7,12,7,12,3,8,7,5,6,12,3,2,3,3,3,14,7,3,3,2,4,3,15,8,7,2,5,3,3,35,4,7,8,22,11,2,3,7,3,5,6,9,20,2,23,22,6,4,12,1,2,7,7,1,4,5,23,7,7,7,14,3,10,5,12,15,15,13,9,9,10,16,4,3,8,4,3,8,4,9,1,7,5,11,5,4,3,7,6
6,5,6,2,5,2,4,18,1,9,10,1,3,4,2,8,5,2,3,4,14,11,4,14,7,2,5,10,12,34,4,8,3,10,2,9,3,6,4,4,8,3,5,7,7,0,1,3,16,1,2,8,6,7,23,16,6,5,4,6,7,6,8,10,18,2,6,6,5,5,11,1,2,3,3,7,15,9,3,4,4,5,3,14,10,7,1,4,1,4,21,4,4,9,19,12,2,4,9,4,5,9,10,21,4,29,22,6,4,8,1,3,10,11,1,6,8,24,6,7,7,13,4,12,4,13,16,20,15,10,7,10,14,5,3,12,6,5,9,5,12,3,5,8,11,7,4,2,8,9
6,3,3,1,6,2,5,15,1,6,9,1,3,3,1,6,2,4,3,3,13,13,3,15,9,1,4,10,10,28,6,5,4,8,2,11,3,6,3,2,10,7,6,7,5,1,1,3,12,2,4,10,5,7,23,14,8,1,3,9,9,6,8,11,12,5,9,2,8,7,12,2,2,3,3,7,15,13,7,4,3,3,5,12,9,7,1,3,2,5,18,5,3,12,18,10,3,5,6,4,4,8,9,19,4,31,23,7,3,7,2,4,11,10,3,6,6,22,9,8,6,10,3,10,6,11,17,16,17,11,9,12,23,2,3,8,8,2,9,6,11,2,2,7,7,6,5,4,10,7
5,2,2,1,9,3,3,16,0,5,9,1,3,5,1,5,1,2,1,1,11,11,3,10,5,1,4,11,9,24,4,6,4,6,3,9,2,6,4,2,8,6,5,6,7,0,3,3,12,3,5,7,4,8,19,11,7,4,2,7,5,6,9,9,12,2,6,5,7,6,12,1,4,3,2,6,9,8,3,3,3,4,3,8,11,4,2,3,2,3,8,4,5,8,16,10,2,4,5,4,6,7,8,14,4,24,20,7,5,9,2,5,12,13,2,5,4,23,5,9,7,10,3,8,6,10,20,14,19,9,10,10,15,6,3,8,7,4,6,4,8,2,4,6,7,4,5,3,6,11
6,2,3,1,5,2,4,11,0,7,6,1,3,4,1,9,2,3,1,2,11,10,3,10,8,0,2,10,9,22,4,4,6,5,2,11,2,5,4,2,10,6,4,6,5,0,5,3,11,5,4,7,3,4,19,11,6,4,3,6,3,6,9,9,11,2,6,3,6,7,13,3,3,4,2,5,12,8,4,2,4,4,6,9,9,6,3,4,1,4,7,4,4,7,15,11,2,4,6,3,5,7,8,13,4,24,18,6,5,8,2,2,10,12,1,5,4,20,4,9,5,10,5,11,6,11,16,14,20,10,8,13,13,5,4,8,7,4,6,4,7,2,3,5,7,8,7,2,8,9
6,4,4,2,6,3,5,8,1,5,5,1,4,6,2,7,2,4,1,2,8,9,3,6,7,1,3,8,6,26,3,5,4,6,3,7,2,5,4,1,7,6,5,8,2,1,4,2,9,4,4,8,3,4,20,11,6,3,4,4,3,5,10,4,9,1,5,4,7,9,13,3,3,2,2,5,13,6,5,4,4,5,5,8,7,5,2,5,1,3,6,4,5,9,15,7,2,3,5,4,5,8,7,11,6,18,15,5,4,6,2,2,9,15,1,7,4,17,7,9,4,12,6,13,3,7,16,14,19,7,6,9,7,3,3,7,7,6,5,4,7,2,4,7,6,6,5,1,7,5
5,2,3,1,3,2,4,9,1,5,5,3,4,4,2,3,2,6,0,1,9,8,3,4,6,1,3,11,5,18,3,4,4,2,4,5,4,4,6,1,8,5,5,6,3,0,3,2,8,4,4,7,4,2,17,7,3,4,2,1,3,6,7,4,7,1,3,3,7,9,15,2,3,3,2,4,10,6,4,2,3,2,6,7,5,3,3,3,1,5,6,4,5,7,14,7,3,4,4,4,6,7,6,9,4,12,10,5,4,4,1,3,12,13,2,4,4,11,6,4,5,10,5,12,4,5,16,9,15,7,6,6,11,2,5,4,4,5,7,4,5,1,4,6,5,6,5,1,6,6
3,2,2,1,3,2,4,6,1,3,3,0,3,2,0,4,0,2,0,0,2,3,1,3,4,1,3,10,3,11,2,1,3,3,2,2,4,4,4,1,4,6,3,4,3,1,2,2,6,1,4,5,3,2,11,3,2,3,1,2,2,3,3,4,6,1,2,3,3,12,12,1,2,4,3,2,8,3,3,3,3,3,5,3,3,3,2,3,1,2,4,2,3,7,13,3,2,3,2,3,3,4,3,5,2,7,4,4,5,3,2,1,13,10,2,5,4,7,5,3,7,10,5,8,3,4,15,7,13,4,4,5,6,3,3,5,3,4,4,4,5,2,2,5,6,4,4,2,4,3
4,1,2,1,3,0,2,5,0,2,3,0,3,3,1,1,1,1,0,1,1,1,1,2,4,1,3,7,1,6,2,2,2,2,2,4,1,5,6,2,3,5,3,4,3,1,1,2,2,2,3,2,2,2,11,2,2,1,0,2,3,2,3,5,6,2,2,1,3,9,7,1,2,2,1,1,5,3,5,3,3,2,5,1,3,2,1,3,1,3,3,1,3,7,9,4,1,4,3,2,2,2,3,3,2,4,2,3,3,3,1,1,7,5,1,4,3,7,4,3,6,7,4,9,2,3,10,6,12,4,2,3,2,3,3,3,3,5,2,3,2,0,2,4,6,2,4,2,2,2
2,3,2,1,1,1,1,4,0,0,2,0,2,2,1,1,0,0,0,1,1,1,1,2,2,0,2,5,1,4,0,1,1,1,2,3,1,3,2,0,1,2,3,2,1,2,1,1,2,1,3,1,2,1,5,3,2,2,0,1,1,1,2,2,2,0,1,1,3,6,6,1,1,1,1,1,3,3,2,1,2,3,2,1,1,1,0,2,1,2,2,1,2,6,6,2,0,2,2,1,1,1,2,2,1,2,1,2,2,0,0,1,5,4,0,2,3,3,2,1,4,4,1,6,3,4,5,3,9,3,1,1,2,0,2,2,1,3,1,1,2,0,1,2,2,1,2,1,3,1
1,1,0,0,1,0,1,2,0,0,1,0,2,3,2,0,0,0,0,0,1,2,1,2,2,0,2,4,0,4,0,0,0,1,1,3,2,1,1,0,2,1,2,2,0,0,1,0,1,1,2,1,1,1,3,1,2,1,0,0,0,0,2,1,2,0,1,1,1,3,3,1,0,0,0,0,2,1,1,1,1,0,2,1,1,1,1,1,1,2,0,1,1,2,4,0,0,1,0,1,2,1,2,1,1,3,1,1,2,1,2,1,5,3,0,2,1,2,2,0,2,3,1,4,1,1,4,3,8,1,0,1,0,0,1,2,0,2,1,1,1,0,1,2,2,1,2,0,2,1
2,2,1,0,3,1,4,5,0,1,2,1,1,3,1,2,1,2,0,1,1,1,1,2,4,1,2,7,0,8,1,2,2,2,2,2,3,5,4,0,3,3,3,3,3,0,1,2,2,2,3,2,2,2,7,3,2,3,1,2,3,2,3,4,4,0,2,1,4,9,9,1,2,3,2,1,5,2,4,2,3,2,5,2,3,2,2,3,1,2,3,2,2,7,8,3,1,3,2,2,3,3,2,3,2,4,2,3,3,2,1,1,7,10,2,4,4,5,5,3,6,7,3,10,2,3,12,3,12,3,2,3,2,2,2,3,4,3,2,3,2,0,2,4,4,2,3,1,2,2
2,2,1,0,1,1,2,4,0,0,3,0,1,2,1,1,1,1,0,0,1,0,1,2,2,0,2,3,0,3,0,1,2,2,2,3,1,3,2,1,1,3,3,2,3,0,1,1,1,2,3,1,0,1,8,1,2,1,0,2,2,2,1,4,4,1,1,1,3,6,6,1,2,1,0,1,2,2,2,1,2,0,2,1,2,0,1,1,1,1,2,1,1,3,7,2,0,1,1,1,1,1,1,1,1,2,1,2,1,2,1,2,5,6,1,2,3,3,2,1,5,5,2,6,3,0,7,1,9,2,1,1,3,0,1,2,2,3,2,1,1,0,2,4,1,1,2,0,1,1
1,1,1,0,0,0,3,2,0,0,2,0,0,2,0,0,1,0,0,0,1,1,0,1,2,0,2,3,0,4,0,0,0,2,0,1,2,2,1,0,2,1,2,1,2,0,1,0,1,2,2,1,0,1,6,1,1,0,0,0,2,1,1,1,1,0,1,1,1,3,3,0,1,0,1,0,2,1,1,1,1,0,2,0,2,0,1,1,0,1,0,1,0,2,4,1,0,0,1,1,2,2,0,2,1,1,1,2,1,2,0,1,5,4,0,1,1,4,1,1,2,3,2,4,1,0,6,2,8,2,0,1,1,0,0,0,1,2,1,1,0,0,0,2,2,0,2,0,1,0
1,1,0,1,1,1,1,2,0,1,0,0,1,2,0,0,0,1,0,0,0,0,0,1,2,0,1,1,0,2,0,0,0,0,0,0,1,1,1,1,1,1,2,1,2,2,1,0,1,0,1,0,0,1,3,1,1,0,1,0,1,1,2,0,1,0,1,0,1,4,2,0,0,1,0,0,1,0,0,0,2,0,1,0,1,0,2,0,0,0,0,1,0,3,3,1,0,1,0,1,0,2,0,0,0,0,1,2,0,1,1,1,4,4,0,1,0,1,2,1,1,3,1,3,1,1,5,2,6,1,1,1,0,0,1,1,0,2,1,2,1,0,0,3,1,0,1,0,1,0
1,0,0,1,0,0,0,1,0,1,0,0,1,2,0,0,0,1,0,0,1,0,0,0,1,1,0,2,0,2,1,1,0,2,0,1,1,1,0,1,0,1,1,1,1,0,2,0,1,0,1,1,0,0,3,2,1,1,0,0,0,2,1,0,2,0,1,0,1,3,3,0,0,0,0,0,1,0,0,0,1,0,1,1,0,0,2,1,1,0,1,1,0,2,1,1,2,1,0,1,0,2,1,0,1,0,1,1,1,0,1,1,2,3,0,0,0,2,0,0,2,2,0,3,1,1,4,0,6,0,1,0,0,0,0,1,1,1,0,2,0,0,0,2,2,1,1,0,1,0
1,0,0,1,0,1,1,2,0,0,0,0,1,1,1,0,0,1,1,0,0,0,0,0,2,0,0,2,0,3,0,1,0,1,0,0,1,1,0,0,0,0,1,1,2,0,1,0,0,0,1,1,0,1,3,1,1,1,0,0,1,3,1,0,3,0,1,1,1,3,3,1,1,3,0,1,1,0,1,0,1,0,1,1,0,0,0,1,1,1,2,1,0,3,2,2,0,1,0,1,1,1,1,0,0,1,0,1,0,0,0,0,3,4,1,1,1,4,2,0,2,3,1,4,0,1,5,1,3,1,1,0,1,1,1,1,1,2,1,2,0,0,0,2,3,2,2,1,1,1
1,1,2,2,1,2,0,2,0,1,3,1,1,1,2,1,1,0,1,0,2,1,1,3,5,0,0,4,1,7,0,1,2,2,1,4,1,3,1,1,2,2,1,1,2,0,1,1,3,1,0,1,1,1,8,1,1,1,2,1,3,4,2,0,7,0,3,1,3,3,6,0,1,1,1,2,4,3,1,1,3,2,1,5,2,0,2,2,1,2,7,1,0,6,5,5,0,2,3,0,0,2,2,3,1,8,3,2,2,1,1,2,6,5,0,2,2,8,4,2,4,6,2,5,0,6,10,7,8,3,2,2,6,1,2,2,2,2,3,2,3,2,4,5,6,2,2,2,1,2
6,7,1,1,1,3,4,4,1,4,17,3,4,6,17,6,6,0,0,1,5,3,4,24,8,0,2,3,4,22,6,6,3,3,1,10,3,4,1,2,6,5,4,3,8,0,2,2,8,1,3,6,3,1,30,10,2,1,4,4,11,5,9,3,17,3,12,4,8,6,10,1,1,2,2,1,16,5,2,2,3,3,4,21,6,4,5,3,1,5,24,6,3,13,13,13,6,2,8,2,2,5,2,15,1,30,10,5,3,6,1,2,9,6,0,3,3,32,11,8,9,10,5,9,4,17,8,33,9,7,7,3,13,7,3,7,6,3,7,4,5,2,6,7,11,4,3,3,3,5
9,12,2,2,2,3,6,8,0,9,20,3,7,7,20,19,8,2,1,3,9,5,6,30,10,2,7,9,4,40,7,10,3,4,2,17,5,3,2,7,11,5,4,8,16,1,2,2,10,0,4,7,6,6,37,19,3,2,6,7,10,7,16,4,20,3,13,4,10,6,12,4,2,2,4,3,19,5,4,7,3,2,1,25,8,5,4,4,1,3,25,6,6,15,13,20,10,3,15,4,4,4,4,26,4,41,20,9,4,9,2,3,6,5,1,4,4,32,10,7,9,12,5,9,9,22,10,29,11,9,9,6,14,8,4,12,6,4,8,4,7,1,8,8,13,5,4,2,6,14
12,11,2,1,4,2,6,7,0,12,12,3,8,9,23,17,10,3,2,2,8,5,5,14,4,1,6,10,4,27,9,9,4,7,2,28,4,7,1,6,11,6,4,8,23,0,2,2,11,1,2,9,4,6,24,13,4,4,7,5,8,5,17,7,19,1,11,6,10,6,14,4,2,2,3,6,17,8,5,6,2,2,2,17,9,7,4,5,0,2,21,3,5,15,14,15,15,3,7,3,5,5,6,17,2,29,20,7,4,10,3,3,8,6,1,5,3,20,9,8,9,7,4,11,7,14,7,17,8,7,12,6,14,7,4,7,4,4,6,4,4,1,8,7,14,3,3,1,6,15
11,11,2,0,5,4,5,16,0,16,11,1,7,10,24,13,12,3,1,1,9,8,4,12,6,1,6,12,5,25,10,10,5,6,4,27,5,6,3,6,9,7,6,9,23,1,1,2,11,0,4,11,3,7,24,14,4,2,10,7,4,8,12,13,22,3,12,6,9,3,10,4,3,3,4,5,18,7,3,6,1,2,3,12,11,4,2,3,1,2,16,3,6,13,17,8,16,3,7,1,4,5,7,26,3,19,21,6,4,9,3,3,8,7,1,4,5,17,6,7,4,9,4,7,6,12,9,15,7,8,9,8,13,4,6,8,4,4,7,4,9,2,7,7,14,3,2,1,8,10
12,15,2,0,4,3,7,20,1,12,11,1,8,13,21,16,17,3,3,1,12,10,5,7,3,2,5,10,7,25,12,13,4,4,2,23,5,9,3,6,7,4,5,11,18,0,0,3,10,1,3,11,3,9,23,12,4,2,11,8,7,7,17,14,17,3,11,5,8,5,10,1,2,3,3,4,18,5,4,7,2,2,2,10,10,3,3,4,1,2,17,2,5,12,19,13,10,2,6,2,5,6,7,28,3,21,21,6,4,9,6,2,6,7,1,4,4,15,7,6,6,7,4,6,7,14,13,17,9,8,12,7,10,4,4,8,4,5,7,4,5,1,8,6,14,4,2,3,4,10
13,16,3,1,6,4,10,23,0,9,8,1,8,12,16,12,10,4,3,2,11,14,3,7,7,1,8,13,7,26,10,11,5,7,3,22,6,6,1,4,9,4,8,11,13,1,2,3,10,1,2,7,4,13,24,11,6,3,10,5,8,6,17,9,18,2,8,7,7,5,9,3,2,4,4,5,16,9,4,8,3,0,2,12,6,5,3,3,2,2,17,2,4,12,26,10,5,4,5,3,6,6,7,18,2,20,19,9,4,9,4,3,7,10,1,4,6,17,8,5,4,9,5,6,8,10,14,17,9,10,13,6,10,2,4,8,5,3,6,5,7,2,8,5,16,5,4,2,6,13
11,11,2,1,3,4,8,19,0,12,10,1,5,9,19,10,12,3,2,3,11,11,3,11,7,1,6,8,7,31,8,7,4,5,1,20,5,9,3,6,11,3,5,7,12,1,2,2,9,1,3,6,5,9,25,12,6,2,8,5,7,7,13,10,15,2,9,5,6,5,9,2,1,3,2,7,16,13,2,5,2,1,3,13,7,5,3,3,2,5,15,2,4,7,26,9,7,3,8,3,4,5,7,18,3,15,19,6,2,8,3,2,6,8,1,3,3,16,5,5,4,9,5,6,5,10,13,16,10,10,9,10,6,3,4,9,4,4,5,2,8,0,5,5,16,4,5,1,5,8
10,13,3,0,5,3,7,18,0,11,8,1,3,12,21,11,10,3,3,1,14,10,3,10,7,1,7,10,9,32,9,9,4,6,4,21,4,7,4,5,8,2,7,8,16,1,2,2,12,1,2,8,5,6,20,13,5,2,10,6,9,6,11,11,16,3,9,6,4,5,7,3,1,2,2,4,14,15,4,7,1,2,3,11,7,5,3,3,1,5,17,2,6,5,24,7,6,4,6,1,5,5,7,19,3,17,15,6,6,8,2,3,6,9,1,3,4,17,4,6,5,8,6,6,4,11,12,21,10,10,8,9,6,4,3,10,5,4,5,2,7,1,5,7,12,4,3,1,3,8
9,12,3,1,4,2,6,18,0,13,7,2,6,9,21,10,9,5,3,2,12,17,4,7,4,1,6,13,11,34,9,10,6,5,5,19,6,6,3,5,11,6,6,7,15,1,3,2,11,1,3,6,5,7,19,13,8,4,8,8,10,7,14,12,21,3,10,6,5,5,7,3,2,2,3,4,14,11,4,5,1,2,3,13,8,7,2,3,0,4,23,3,5,11,24,8,7,3,5,2,5,5,12,19,2,24,20,4,2,7,3,2,6,8,1,3,5,17,6,6,6,8,3,6,2,14,14,15,10,10,11,7,8,3,4,8,6,5,6,2,9,1,6,7,13,5,4,1,3,9
12,13,4,1,4,3,5,21,0,9,13,2,7,11,12,7,9,3,2,3,15,17,4,10,8,2,8,12,12,37,9,9,7,7,3,18,6,10,5,5,13,4,4,6,14,1,3,1,10,0,3,7,4,7,20,15,6,4,9,8,8,6,18,9,23,2,11,4,3,5,10,4,2,2,3,7,18,12,4,6,4,4,3,20,7,6,2,3,1,3,28,6,6,9,22,11,3,6,8,2,4,5,14,20,4,23,22,4,5,10,2,3,7,9,1,4,5,21,6,7,5,11,3,6,5,18,15,22,10,10,12,11,12,5,3,13,5,3,10,4,11,1,7,6,13,5,4,1,5,14
10,12,3,1,9,2,7,31,0,9,10,3,5,8,4,9,7,4,4,5,19,21,4,23,9,1,6,11,12,52,8,12,6,9,3,17,7,8,5,7,10,5,5,7,9,0,1,1,17,1,3,10,5,10,36,19,11,4,7,8,15,7,20,7,17,3,14,3,6,6,8,3,2,2,3,7,21,18,6,7,5,5,3,25,12,7,2,6,1,5,26,5,6,11,29,12,2,5,11,2,5,8,24,39,5,38,22,5,6,11,4,2,10,11,2,6,3,37,8,7,6,12,4,6,4,27,16,34,11,13,10,7,17,5,3,15,6,5,9,3,24,2,5,6,10,3,5,3,6,18
7,6,7,2,7,2,5,37,1,6,9,4,3,6,2,12,4,3,2,3,23,19,3,25,11,1,5,14,21,55,5,13,7,7,2,11,5,6,6,7,7,3,6,7,4,1,2,3,16,2,5,8,5,6,36,19,7,3,5,7,14,6,15,7,18,4,15,3,11,7,10,4,2,2,3,7,20,14,5,4,6,4,4,24,12,7,3,5,1,5,24,5,4,9,23,10,1,6,9,2,6,6,20,45,6,38,23,9,6,9,3,4,11,10,1,5,4,35,9,10,6,16,3,10,6,23,20,38,14,11,12,10,16,2,2,17,7,2,11,3,22,2,2,4,6,5,4,2,9,11
7,5,5,1,9,3,5,26,1,5,9,1,3,3,3,9,3,3,1,1,14,11,3,18,8,1,5,11,10,47,4,6,7,7,3,9,3,7,5,5,7,6,7,4,4,0,2,3,16,3,3,6,6,4,28,14,6,2,3,7,9,7,12,11,12,3,10,4,7,6,11,3,3,3,3,6,12,11,4,1,2,5,3,13,11,8,3,3,2,3,14,4,3,8,22,10,1,6,5,3,7,5,14,23,6,25,20,11,6,4,2,5,12,10,1,4,3,27,5,9,6,12,6,9,5,16,21,19,14,8,7,11,8,6,2,9,7,4,10,4,15,3,4,5,8,6,5,2,7,7
6,4,4,1,7,4,4,18,0,5,6,1,3,3,4,8,3,3,1,2,15,10,3,13,7,1,5,10,10,39,4,4,5,7,2,11,4,5,5,2,9,5,5,4,4,2,4,4,11,2,3,7,5,2,26,7,4,3,3,3,8,6,8,10,12,3,9,5,7,7,8,3,4,2,2,5,11,7,3,1,3,4,3,11,9,4,5,4,2,4,9,3,3,11,15,11,2,3,6,4,8,4,9,20,3,19,18,7,5,5,2,2,10,10,2,6,7,17,4,8,4,12,6,11,6,11,19,14,14,7,9,11,11,5,3,7,7,5,8,5,11,4,4,7,7,4,5,1,7,7
4,2,2,2,6,2,4,13,0,3,5,2,2,6,4,5,1,3,0,2,13,9,3,5,8,1,5,8,7,39,2,5,5,5,3,7,2,5,6,2,9,7,5,5,5,0,3,4,9,2,5,5,6,2,16,7,5,2,4,3,7,4,9,8,8,2,10,3,7,9,9,3,2,3,3,3,10,7,3,2,4,5,4,8,7,7,5,4,1,4,7,3,4,12,14,8,1,6,4,4,6,8,7,10,5,18,15,6,4,6,1,1,9,10,1,6,7,14,7,8,6,12,6,13,3,9,20,14,16,7,7,9,12,3,5,5,8,5,8,6,9,3,5,6,6,6,5,1,6,9
5,2,3,2,2,1,4,10,1,2,4,1,1,4,2,4,2,2,1,3,9,8,3,3,6,1,5,11,6,24,5,2,4,5,3,5,4,7,3,2,7,5,5,6,3,1,5,4,8,2,4,3,2,2,13,5,4,2,2,2,7,2,6,8,6,1,7,3,7,8,9,3,5,4,3,4,12,4,4,3,3,2,5,7,6,4,4,4,1,3,4,5,4,12,11,9,0,5,4,5,3,7,5,11,4,10,8,7,4,3,2,2,12,12,1,5,5,12,6,4,7,11,5,13,4,6,19,9,15,7,7,6,9,5,5,7,5,7,6,7,6,1,4,8,5,6,5,1,4,6
3,1,3,1,2,0,4,7,0,2,3,2,1,2,1,4,1,2,0,2,5,3,1,4,10,1,4,11,1,14,2,3,4,1,2,2,3,7,3,1,6,3,3,5,3,1,3,2,5,2,4,3,4,1,8,4,5,4,1,2,4,2,4,6,4,1,7,1,6,9,10,1,4,2,2,2,6,3,5,1,3,3,4,5,3,2,5,3,0,3,3,5,3,8,11,6,0,3,2,3,1,4,3,4,2,7,2,4,2,2,1,2,13,11,2,4,3,5,5,3,7,8,6,12,3,5,15,7,12,4,4,2,3,2,5,3,3,5,5,6,3,2,5,5,6,4,4,2,3,6
2,2,1,0,3,1,4,5,0,1,2,1,1,3,1,2,1,2,0,1,1,1,1,2,4,1,2,7,0,8,1,2,2,2,2,2,3,5,4,0,3,3,3,3,3,0,1,2,2,2,3,2,2,2,7,3,2,3,1,2,3,2,3,4,4,0,2,1,4,9,9,1,2,3,2,1,5,2,4,2,3,2,5,2,3,2,2,3,1,2,3,2,2,7,8,3,1,3,2,2,3,3,2,3,2,4,2,3,3,2,1,1,7,10,2,4,4,5,5,3,6,7,3,10,2,3,12,3,12,3,2,3,2,2,2,3,4,3,2,3,2,0,2,4,4,2,3,1,2,2
2,1,1,0,1,1,2,4,0,0,3,1,1,2,1,2,1,1,0,0,1,1,0,2,2,1,2,5,1,4,0,1,3,2,2,2,1,2,2,0,1,2,2,2,3,0,1,1,2,1,2,1,1,1,8,2,2,1,0,1,1,3,1,4,4,0,1,1,3,6,6,1,1,0,1,1,2,1,2,1,1,0,2,1,3,1,1,1,1,1,2,1,2,4,5,1,1,1,1,1,1,1,1,1,0,2,1,2,1,1,1,1,5,6,1,2,2,3,2,1,5,5,1,6,3,0,5,1,9,2,1,1,3,1,2,2,2,4,1,3,1,0,2,4,1,2,2,0,3,2
1,2,0,0,1,0,3,1,0,0,1,1,1,0,0,1,1,1,0,0,1,1,0,2,2,0,2,2,0,4,0,0,1,2,1,2,2,2,1,0,2,2,2,1,2,0,1,2,1,1,1,1,0,1,6,1,1,0,0,1,0,1,1,1,1,0,1,1,1,3,3,1,0,1,1,0,2,1,2,1,1,0,1,0,1,1,1,1,1,1,0,1,0,2,2,1,1,0,1,1,0,1,1,2,1,3,0,2,1,0,2,0,5,4,0,2,2,2,1,1,2,4,1,5,2,0,4,1,8,2,2,1,1,0,0,0,2,3,1,1,0,0,0,2,2,1,1,0,2,0
1,2,0,0,0,1,1,1,0,0,0,0,0,2,0,1,0,1,0,1,0,0,0,0,2,1,1,2,0,3,1,0,0,0,0,1,2,1,0,0,1,1,1,1,1,1,2,0,0,1,2,1,0,2,3,1,1,0,1,1,0,1,1,1,1,0,0,0,1,3,1,1,1,0,0,0,1,0,1,0,2,0,2,0,1,0,2,0,0,1,1,1,1,2,3,1,0,1,0,1,1,1,1,1,0,0,0,2,1,0,0,0,3,4,0,1,1,3,1,0,1,4,1,4,1,1,3,1,6,0,1,1,1,0,0,1,1,0,1,2,1,0,0,2,2,1,1,0,1,0
1,0,0,0,0,0,1,1,0,0,0,0,0,1,0,0,0,0,1,1,0,0,0,0,2,0,0,1,0,3,0,1,0,1,0,1,2,1,0,0,1,0,0,2,0,0,1,0,1,1,1,1,0,1,4,1,1,1,0,0,1,2,0,1,1,0,0,1,1,2,2,1,1,0,0,0,1,0,0,0,1,0,2,0,0,0,2,1,1,0,2,1,1,2,2,1,0,1,1,2,1,2,0,0,0,0,0,1,0,0,0,1,3,4,0,0,1,1,2,0,2,3,1,3,0,2,5,1,5,1,1,0,0,0,1,0,0,1,1,2,1,0,0,1,2,2,1,0,1,1
0,0,1,0,2,0,1,2,0,0,1,0,0,1,1,0,0,0,0,1,0,1,0,0,1,0,0,2,0,2,0,1,0,0,0,2,2,0,0,1,1,0,1,1,2,0,1,0,1,2,1,0,0,1,3,3,1,1,0,0,1,3,0,1,1,0,0,0,1,2,5,1,1,2,0,2,3,1,0,0,1,0,2,1,0,0,0,1,1,1,2,1,1,2,2,0,0,1,1,1,1,2,0,1,0,1,1,1,0,0,1,0,3,3,0,1,1,1,2,2,2,4,1,3,1,2,6,1,4,1,1,1,1,0,1,1,2,2,0,2,0,1,0,3,2,3,3,1,1,0
1,1,2,1,3,1,1,1,0,1,2,0,2,2,2,1,1,1,0,1,2,1,1,2,3,0,2,2,1,4,1,1,1,2,1,6,1,2,1,0,3,2,2,1,4,0,2,0,3,2,2,2,1,2,8,4,1,2,1,1,3,4,1,2,3,0,1,1,3,4,6,2,1,3,0,1,5,3,0,1,2,0,2,4,2,2,2,2,1,2,5,2,1,5,5,2,0,1,4,2,1,3,1,2,1,7,3,0,0,2,1,1,4,4,0,2,3,8,4,2,4,5,2,6,2,5,6,8,11,4,3,1,4,2,2,4,4,4,1,3,3,2,4,7,4,2,3,1,4,3
3,4,4,1,3,3,3,8,0,4,16,1,3,5,17,1,6,2,1,3,3,5,3,28,4,0,3,4,12,10,7,2,0,5,2,12,2,4,2,0,7,2,3,4,17,0,4,2,12,3,3,7,3,1,30,14,4,3,4,5,9,5,7,2,9,0,6,4,8,6,10,3,3,2,2,3,6,16,2,3,3,3,3,23,6,13,3,5,0,5,20,6,3,11,13,5,7,1,14,3,5,5,10,20,1,28,10,1,6,4,1,2,4,7,0,5,6,32,5,8,7,8,4,10,0,15,9,26,11,7,9,5,7,10,2,18,6,4,4,2,5,2,7,6,7,7,4,1,7,4
3,6,2,3,4,5,4,17,1,9,21,3,2,11,20,4,9,5,3,5,4,14,6,31,6,1,5,6,10,11,8,2,1,7,6,22,5,6,3,0,11,1,3,7,33,0,2,3,21,2,4,7,3,5,37,16,6,6,6,9,10,6,16,6,9,2,5,6,10,7,12,4,3,3,4,7,9,16,4,7,5,4,4,30,8,13,4,4,2,3,26,7,6,9,13,10,19,3,17,2,6,3,12,27,5,37,16,2,5,8,2,3,9,7,1,4,6,32,7,7,5,10,10,11,3,22,10,28,8,9,12,7,9,10,2,18,6,3,6,4,7,1,5,7,10,6,3,1,8,7
5,4,2,0,3,4,5,15,1,11,9,3,2,10,21,6,12,5,2,3,6,12,4,21,7,2,6,9,9,12,9,4,3,6,4,25,4,9,1,2,8,2,6,10,36,0,2,1,14,1,3,9,3,6,24,13,5,6,7,7,11,6,16,6,10,2,3,9,10,4,12,2,3,3,3,5,9,11,5,7,2,3,3,20,9,10,2,5,2,4,16,6,5,11,15,7,28,3,16,4,7,6,13,17,2,22,18,4,6,11,2,4,7,5,1,7,7,20,7,8,7,12,5,8,2,17,13,21,9,7,12,8,12,8,2,10,4,4,6,2,4,2,6,6,10,3,2,1,7,9
5,5,1,1,4,5,6,14,0,12,11,3,1,11,25,5,11,6,2,4,5,13,5,17,5,1,6,9,10,16,10,3,6,11,7,25,5,12,3,3,6,3,5,11,43,0,2,2,10,1,4,7,2,8,17,13,5,3,7,9,9,9,12,7,10,4,5,9,9,5,10,3,3,3,4,5,12,13,3,6,1,1,3,12,11,7,2,3,1,4,15,4,5,12,16,8,27,3,11,2,7,5,11,26,3,25,17,5,7,6,3,3,7,8,2,4,5,17,8,6,6,10,8,9,4,12,15,16,9,8,9,6,10,5,4,5,3,4,9,1,9,2,6,7,11,3,5,1,5,13
7,5,3,1,6,4,4,15,0,12,8,3,2,11,22,4,14,5,2,3,9,14,2,11,8,2,4,9,11,18,12,2,6,10,5,25,5,8,4,3,7,3,5,12,39,1,1,3,15,1,3,9,3,8,18,9,6,2,7,7,8,15,17,9,12,3,4,10,8,6,11,3,2,3,3,4,13,14,4,5,2,3,3,13,10,7,2,4,1,3,19,2,4,11,15,5,18,3,10,2,7,6,14,28,2,21,22,5,6,5,6,3,7,6,1,4,4,14,4,6,3,11,9,7,6,12,16,18,10,10,12,6,10,6,3,6,2,4,10,2,5,1,4,6,12,5,5,3,4,10
4,6,2,1,5,5,6,19,0,9,13,2,5,9,18,7,11,5,1,3,11,16,5,10,7,2,6,7,9,19,10,5,4,12,5,25,7,8,2,2,8,2,8,11,31,1,1,2,15,2,2,7,4,13,20,10,9,2,7,6,5,9,15,8,11,2,5,12,6,4,9,3,2,4,4,4,11,12,4,8,2,1,3,14,6,8,1,4,2,3,19,2,3,9,19,6,11,4,8,4,7,6,13,18,3,20,22,7,7,6,4,2,10,9,1,4,5,15,7,4,5,10,8,9,6,13,12,16,11,11,9,10,10,6,4,7,4,5,9,2,7,2,5,4,10,5,4,2,6,7
3,2,1,1,4,3,5,16,0,12,10,2,3,12,18,6,10,4,2,2,7,15,3,8,6,2,6,10,8,21,8,5,3,13,4,15,5,9,2,0,6,3,5,7,31,1,2,3,15,1,4,8,5,9,18,13,8,1,6,7,7,5,13,10,12,0,6,12,7,3,10,2,3,3,3,5,9,12,2,7,2,2,2,15,7,7,1,3,2,2,17,2,5,8,13,9,14,3,5,3,7,5,11,18,3,19,23,9,6,7,3,4,9,8,2,5,3,16,7,2,5,7,12,7,5,9,13,17,8,8,8,10,9,6,3,10,2,2,9,2,5,0,5,6,13,7,3,1,5,7
5,4,2,2,3,4,4,13,0,11,9,1,3,11,16,7,9,3,2,2,8,14,4,10,6,2,7,10,9,24,9,5,4,10,3,18,4,10,2,4,7,5,4,7,40,1,2,3,10,1,4,6,3,6,22,12,7,2,8,5,10,5,15,10,12,2,9,11,4,3,7,1,1,3,4,3,11,15,4,6,2,2,2,11,7,8,2,2,1,1,21,2,4,9,14,7,14,3,10,3,5,6,14,19,5,21,18,6,7,5,5,4,9,7,1,3,4,18,5,5,3,10,10,7,7,10,12,16,7,10,9,9,10,3,4,9,6,2,9,2,7,1,7,4,14,4,1,2,4,7
4,4,2,1,4,2,6,11,0,13,8,2,3,8,25,6,11,5,2,2,12,15,4,7,6,1,5,10,9,23,9,5,2,12,3,20,4,8,4,6,9,6,6,7,38,1,3,3,10,1,2,10,3,7,18,15,7,2,5,4,8,7,14,10,15,1,8,10,5,3,7,2,2,3,3,6,10,11,4,6,2,2,3,13,7,7,2,4,1,3,22,3,5,9,22,8,18,3,11,2,5,7,14,19,3,28,23,4,4,6,3,2,9,7,2,4,5,17,4,6,6,11,9,8,5,15,11,16,8,7,12,8,10,5,4,7,4,2,9,1,7,0,8,4,14,5,1,1,4,7
6,6,1,3,5,3,5,13,0,9,9,2,4,9,17,8,11,3,1,2,13,20,5,10,7,2,5,12,10,28,9,5,5,13,6,18,4,9,3,7,10,7,4,6,40,0,2,3,14,0,4,15,3,7,23,18,9,2,7,4,12,8,18,5,14,3,9,9,3,4,10,3,2,3,3,4,13,12,4,6,1,3,1,20,9,7,2,4,1,3,33,2,6,12,22,11,14,6,9,3,4,7,15,20,2,23,23,4,4,5,5,2,7,9,1,4,5,23,7,6,4,14,10,9,10,18,11,25,9,7,13,7,12,7,4,8,4,1,7,2,9,1,7,6,17,3,4,0,4,9
6,4,2,3,5,2,5,18,0,5,10,3,3,9,7,13,10,2,1,2,17,17,7,15,7,2,8,11,10,31,8,8,4,13,7,17,5,8,6,8,9,3,6,7,22,1,1,4,16,1,4,20,5,8,37,23,7,2,5,7,19,6,20,8,21,3,6,7,6,5,8,3,2,4,3,6,13,18,6,7,3,3,3,25,9,12,1,4,1,4,36,6,6,16,29,11,3,5,12,4,5,9,17,21,4,29,30,5,6,6,3,5,7,11,1,6,8,24,5,9,7,12,5,10,8,31,17,34,11,8,15,7,17,6,3,13,7,4,7,3,12,4,5,5,13,6,4,2,7,7
6,4,4,2,7,4,6,15,0,7,9,3,1,6,4,9,4,4,2,3,14,17,8,13,10,1,6,14,7,27,6,5,4,15,6,11,6,6,6,10,12,5,5,7,7,1,3,5,11,1,4,23,5,9,38,24,9,2,3,7,17,6,15,10,18,4,8,7,7,7,10,4,2,2,4,7,12,14,5,3,6,2,5,24,15,11,5,4,1,6,25,7,4,19,23,13,0,3,16,3,6,8,19,19,4,31,26,9,6,9,2,3,10,10,1,5,5,22,5,12,6,16,3,12,7,21,14,42,13,9,11,10,16,9,2,16,8,2,7,4,14,3,4,8,10,6,5,2,7,6
5,3,3,2,9,5,4,16,0,3,9,1,3,3,3,9,5,2,2,3,9,8,5,13,8,1,5,11,8,25,4,6,4,7,3,10,3,5,5,3,11,5,4,4,5,1,2,4,13,2,5,14,3,7,33,19,7,2,2,5,9,7,12,9,14,4,4,5,10,7,9,2,1,3,2,6,8,11,4,1,2,2,3,13,10,5,3,4,1,5,17,3,3,11,22,8,2,6,18,3,7,7,13,14,4,24,20,11,6,4,4,3,14,10,1,5,4,23,6,10,7,12,3,10,7,18,24,32,10,8,9,11,8,9,2,11,7,4,12,3,12,2,3,5,7,6,8,2,5,5
3,2,3,3,5,4,4,11,0,3,11,2,2,3,3,8,3,3,3,2,8,12,4,13,7,0,4,12,8,27,2,4,6,7,2,7,4,6,3,2,9,4,6,4,4,1,3,4,9,2,4,6,4,6,24,15,6,2,3,7,6,6,8,9,11,2,10,7,7,7,9,2,1,3,2,5,15,7,3,1,3,3,3,11,10,6,5,4,1,4,10,3,3,10,15,10,2,3,7,4,5,6,10,13,4,23,14,7,5,5,2,2,14,10,2,5,6,20,6,6,5,9,5,10,6,10,20,14,11,7,10,9,9,5,3,5,7,5,6,4,10,2,3,7,6,6,5,2,6,5
4,4,4,2,6,3,5,8,1,3,8,2,3,4,2,5,1,3,1,1,9,10,3,7,6,1,4,10,6,22,3,5,8,5,2,5,2,4,3,1,9,5,5,5,6,1,2,4,10,2,3,7,6,4,26,11,4,1,2,5,7,5,9,4,9,1,6,7,7,9,8,3,2,3,3,3,11,7,2,2,4,4,4,8,6,5,5,3,1,4,7,3,4,11,17,9,2,4,4,5,5,7,6,11,2,26,15,6,4,5,2,2,8,10,1,7,5,17,5,6,7,13,4,11,6,10,18,14,13,6,8,6,11,3,4,7,7,6,8,3,7,2,4,6,8,6,6,2,6,8
5,4,3,1,5,2,4,9,1,3,5,1,2,3,2,4,2,2,2,1,6,8,2,4,7,0,6,8,3,21,2,2,7,5,2,4,4,6,4,2,7,5,5,6,5,1,2,4,7,2,5,5,2,2,15,10,3,2,1,4,5,4,6,4,7,1,5,4,5,8,12,3,1,4,3,4,12,4,2,2,3,2,4,7,5,4,4,4,1,4,5,5,3,7,14,9,0,5,4,4,5,6,6,7,4,14,11,5,4,3,1,3,9,12,1,7,6,14,9,4,6,11,9,13,8,9,19,9,14,7,8,5,7,5,4,6,4,5,6,4,5,2,4,4,7,6,5,2,4,7
3,2,3,1,2,1,5,6,0,1,2,1,3,3,2,3,0,2,0,1,1,3,1,2,9,1,3,7,1,12,2,3,3,1,1,3,3,4,4,1,5,3,4,5,3,1,4,2,5,2,4,5,4,2,9,7,5,3,2,3,3,3,3,4,6,4,5,2,6,8,13,3,3,4,0,2,8,3,4,3,3,3,5,4,4,1,3,3,1,2,4,2,3,6,13,6,1,3,3,3,5,4,4,5,3,8,4,4,2,4,1,2,9,11,1,5,6,9,8,4,9,10,7,11,4,6,13,7,14,5,5,4,2,2,3,6,3,4,6,5,3,1,5,6,5,5,4,2,4,7
2,2,1,0,3,1,4,5,0,1,2,1,1,3,1,2,1,2,0,1,1,1,1,2,4,1,2,7,0,8,1,2,2,2,2,2,3,5,4,0,3,3,3,3,3,0,1,2,2,2,3,2,2,2,7,3,2,3,1,2,3,2,3,4,4,0,2,1,4,9,9,1,2,3,2,1,5,2,4,2,3,2,5,2,3,2,2,3,1,2,3,2,2,7,8,3,1,3,2,2,3,3,2,3,2,4,2,3,3,2,1,1,7,10,2,4,4,5,5,3,6,7,3,10,2,3,12,3,12,3,2,3,2,2,2,3,4,3,2,3,2,0,2,4,4,2,3,1,2,2
2,2,1,0,1,1,2,4,0,2,3,0,1,2,1,1,0,2,1,0,1,1,1,2,2,0,2,3,1,3,0,1,3,1,1,2,1,3,2,1,1,2,2,1,1,0,1,1,2,1,3,1,1,1,8,2,2,1,1,1,2,2,3,3,4,0,1,1,3,6,6,1,2,2,0,1,2,3,2,1,2,2,2,1,2,1,1,2,1,1,2,2,1,3,5,2,0,1,2,1,1,2,1,2,1,2,1,2,2,1,1,2,3,6,1,2,2,3,2,1,5,4,2,5,1,2,7,1,9,2,1,1,2,2,1,2,2,3,2,2,2,0,2,4,1,1,2,1,1,1
1,3,0,0,1,0,2,1,0,1,1,0,2,2,0,0,0,1,0,0,0,1,0,1,1,0,2,2,0,2,0,1,1,1,0,2,1,1,1,0,2,1,2,3,2,0,1,0,1,1,2,1,0,1,5,0,2,1,1,0,2,0,1,1,1,1,2,1,2,4,3,2,1,1,1,0,2,1,1,0,1,1,2,1,1,1,1,0,0,1,0,0,1,2,2,1,0,0,0,1,0,0,1,1,1,1,1,2,0,0,2,1,2,4,0,0,0,3,2,1,2,3,2,4,0,2,8,1,5,2,2,1,1,0,0,0,1,2,1,1,2,0,0,2,2,0,1,1,1,1
1,1,0,1,0,0,1,1,0,0,1,0,1,2,0,0,0,1,0,1,0,0,0,2,2,1,1,2,0,1,0,1,1,1,0,1,1,1,1,0,1,1,2,2,1,1,1,0,0,0,1,1,0,1,4,0,1,1,0,0,2,1,3,2,1,0,1,1,3,2,2,1,0,1,1,1,1,0,0,0,1,1,2,0,2,0,2,0,0,0,0,0,1,2,3,1,0,0,0,1,1,1,1,1,0,0,0,1,0,0,0,1,2,3,0,1,1,2,1,1,2,2,1,3,1,1,7,1,5,0,2,0,0,0,1,1,1,1,0,2,0,0,0,2,0,0,2,0,1,0
0,0,0,1,0,1,0,2,0,0,0,0,1,2,0,1,0,1,0,1,0,0,0,0,2,0,1,1,0,1,1,0,0,0,0,1,1,1,1,0,0,1,1,2,0,0,1,0,1,0,1,1,0,1,3,0,1,0,1,0,2,2,2,1,1,0,1,1,2,1,2,1,0,1,1,1,1,0,0,0,0,1,2,1,0,0,1,0,0,0,1,0,1,1,1,1,0,0,0,2,0,1,0,1,0,0,0,1,0,0,1,0,2,4,0,0,1,2,1,0,2,3,0,4,0,1,5,1,7,1,1,0,1,0,0,0,1,1,1,2,1,0,0,2,2,0,1,0,1,0
1,1,0,1,0,0,1,2,0,1,0,0,1,1,2,0,0,1,0,1,0,0,0,0,1,0,1,2,1,1,0,0,1,1,1,2,1,0,0,0,1,1,2,1,0,0,1,0,1,0,0,2,0,1,3,2,1,0,1,0,2,1,2,1,1,0,1,1,1,2,3,0,1,2,0,1,1,1,1,0,0,1,2,1,1,1,1,0,1,0,2,1,1,2,1,1,0,0,0,1,1,1,1,1,0,1,1,2,1,0,1,1,3,5,1,1,1,4,2,0,2,4,1,4,1,3,6,3,7,1,1,0,1,0,1,1,1,1,0,2,1,1,1,2,3,0,2,1,1,1
3,2,1,2,2,0,0,3,0,2,3,0,1,2,1,0,1,0,0,1,2,1,1,4,3,0,2,2,0,4,1,0,1,1,0,3,1,1,0,0,2,0,2,1,0,0,1,0,2,1,1,3,2,1,8,0,1,1,1,0,4,2,3,1,4,0,3,1,4,4,6,0,2,3,1,3,4,4,2,1,2,1,3,2,3,1,2,2,0,2,5,1,3,3,7,4,1,1,3,2,2,3,2,3,1,8,1,3,1,2,1,2,4,5,0,2,3,4,4,0,4,7,2,5,2,4,7,4,10,2,4,2,4,2,1,3,2,1,1,2,2,2,6,4,6,3,3,2,4,2
6,8,2,1,2,2,4,3,0,7,15,0,4,3,4,5,3,1,0,2,4,4,3,25,4,0,2,5,9,25,6,6,0,3,2,7,3,2,3,0,4,3,3,4,3,0,2,2,10,3,3,15,3,2,30,7,2,2,2,3,13,6,8,3,18,2,6,4,7,6,8,4,2,2,2,2,15,15,4,1,5,5,4,12,15,5,4,5,2,4,10,6,8,16,16,15,9,1,14,3,6,5,2,16,1,27,5,3,2,6,3,2,11,5,1,4,6,14,11,2,7,8,6,9,4,18,11,10,12,5,9,3,13,5,3,20,7,5,2,4,3,2,6,7,11,6,5,3,7,8
9,11,2,2,3,4,6,8,1,10,17,1,7,6,6,11,6,3,1,5,8,10,6,38,6,1,3,8,16,37,8,10,1,7,6,9,4,3,3,0,3,5,3,7,5,0,2,2,19,1,5,18,6,5,37,12,7,5,5,4,11,8,16,4,21,5,5,6,10,7,11,2,3,2,2,4,19,15,7,7,3,2,4,11,17,7,4,2,2,7,14,6,9,20,17,23,15,2,19,3,9,4,4,27,5,38,10,4,3,9,4,3,8,7,1,5,6,14,10,2,5,10,11,10,9,21,11,15,9,4,12,6,14,6,3,17,7,2,5,2,5,1,9,8,13,6,4,2,8,12
12,14,2,2,4,6,6,11,0,15,12,2,6,5,5,7,4,3,1,3,12,15,5,12,7,2,7,9,11,27,9,9,3,4,4,14,4,7,3,2,3,6,6,8,9,1,2,2,16,1,3,9,4,9,24,8,7,6,5,4,7,9,17,7,17,2,3,8,13,7,12,2,3,3,4,5,17,14,7,7,2,1,4,10,10,7,4,4,2,4,14,4,8,11,15,17,19,5,12,3,9,5,6,22,2,27,12,4,5,10,3,3,7,5,1,6,7,11,9,6,7,12,9,8,7,15,11,14,8,6,14,7,13,5,3,12,4,3,6,2,6,2,6,7,14,3,3,1,7,14
11,14,1,2,5,3,5,12,0,17,12,2,8,3,3,12,5,2,2,4,10,15,4,9,5,3,6,9,10,24,11,10,3,8,7,15,5,7,3,3,6,7,5,14,7,0,1,1,10,1,4,7,4,7,17,12,8,3,5,6,8,9,12,13,21,3,5,8,9,7,10,2,4,1,2,4,12,10,8,6,1,0,4,10,10,7,2,3,1,4,13,4,8,10,17,13,20,4,11,2,7,5,7,20,4,25,13,5,4,9,4,5,9,8,1,3,6,16,10,6,5,9,7,8,6,11,9,13,9,6,14,8,10,4,5,8,6,3,7,2,7,3,6,5,14,3,3,1,5,16
15,16,3,1,4,4,7,15,0,14,12,3,9,4,5,11,6,2,1,3,11,15,5,8,7,2,7,9,11,24,13,9,5,6,5,10,5,5,3,3,6,5,5,10,8,0,2,1,17,1,3,9,5,8,16,10,8,5,5,7,9,14,13,14,24,3,4,10,8,4,10,2,2,1,4,4,13,11,9,7,2,1,2,10,6,7,2,2,1,3,14,2,9,8,18,11,15,3,7,2,6,5,7,17,4,21,17,6,4,13,7,2,7,6,0,4,7,15,8,6,5,7,9,7,7,13,13,11,10,7,16,7,7,6,4,8,6,5,7,3,9,3,5,5,14,4,3,3,4,13
12,17,2,1,7,5,10,19,0,12,10,2,10,4,4,12,7,2,2,3,11,15,3,9,7,2,6,11,12,20,12,6,5,7,5,12,7,5,4,2,5,5,8,10,6,1,1,2,14,2,2,7,4,11,24,11,9,5,4,8,6,11,12,9,20,1,5,11,6,3,10,2,1,3,4,5,11,11,7,6,2,2,4,12,7,5,3,3,1,4,18,4,10,11,15,11,10,4,5,4,6,5,7,17,4,20,19,9,4,7,3,3,7,6,1,3,7,17,6,4,8,9,8,8,7,9,14,8,11,6,11,6,9,5,4,8,5,3,7,3,6,3,7,5,11,5,3,2,7,12
10,14,1,0,5,3,8,14,0,11,8,2,8,4,4,9,6,2,2,2,7,15,3,9,8,1,5,12,9,25,11,7,4,7,5,10,5,5,2,1,8,4,8,9,6,1,2,1,9,0,4,5,4,12,18,11,7,4,3,8,5,7,13,10,18,2,6,9,8,5,11,2,3,2,3,5,9,12,8,7,2,3,2,9,8,6,3,4,1,1,23,3,6,9,17,10,14,4,8,2,6,4,9,22,3,15,19,6,2,6,1,3,8,5,2,2,5,16,10,3,7,9,12,8,9,8,13,10,12,7,9,10,13,4,3,6,4,4,8,2,8,1,5,4,14,6,2,1,5,14
10,13,2,1,2,3,7,16,0,11,12,4,8,4,3,12,5,2,1,2,8,14,3,12,7,1,5,10,12,26,11,9,5,4,6,14,4,7,2,1,7,4,7,10,9,1,2,1,12,2,4,7,4,9,20,8,4,3,3,8,5,6,11,13,21,2,7,8,7,5,10,3,3,1,4,3,10,15,9,7,2,2,5,11,10,8,1,3,0,1,21,3,6,11,14,9,14,5,6,2,7,4,9,23,5,17,19,7,6,7,2,2,7,5,2,2,5,17,9,6,3,8,10,6,8,11,12,12,9,5,8,9,13,5,3,5,4,5,8,2,7,1,7,6,17,4,1,2,4,12
12,16,2,3,5,5,6,13,0,10,13,1,7,5,4,9,5,3,1,2,12,15,4,14,4,1,4,10,8,26,10,9,3,6,3,13,4,9,4,2,9,4,6,7,8,1,1,2,11,1,5,7,3,10,19,12,5,4,3,6,6,7,14,10,23,3,7,11,11,5,9,1,4,1,2,6,12,13,8,5,2,1,3,13,8,5,2,3,1,2,22,4,5,10,17,13,18,3,5,2,10,5,7,23,3,24,22,7,2,7,2,2,8,7,1,3,7,17,8,6,6,8,9,7,8,14,11,13,10,9,11,11,10,3,3,5,7,3,4,1,7,0,6,6,14,4,1,0,3,12
10,15,5,1,5,4,5,14,0,8,10,2,8,5,2,9,6,6,3,3,15,20,4,14,8,2,4,9,10,33,11,10,4,9,2,8,6,10,3,3,10,4,4,8,7,0,1,1,10,1,5,10,4,9,20,12,7,3,3,3,10,6,18,5,23,2,8,10,9,5,11,2,3,3,1,4,13,16,6,6,2,2,1,20,7,7,2,4,1,4,33,4,6,12,17,10,14,4,8,3,6,4,9,26,4,23,22,8,5,8,2,3,10,8,2,3,6,21,5,6,8,9,10,7,9,18,11,18,10,11,12,11,13,5,5,7,6,4,7,2,9,1,7,6,17,5,3,2,5,13
7,9,5,1,5,6,7,14,0,5,21,3,7,8,2,9,5,5,3,5,17,17,4,24,6,2,4,9,12,38,9,16,5,10,2,5,7,8,5,2,9,3,6,7,7,2,1,1,17,2,2,16,5,10,36,15,6,4,5,6,8,9,20,8,17,3,9,8,8,6,11,1,3,4,3,6,13,23,11,7,4,3,3,25,12,12,1,3,2,5,36,4,6,15,17,14,3,5,13,2,6,5,10,38,5,38,22,10,8,17,3,4,10,10,1,4,7,24,7,9,8,10,5,11,7,27,15,13,11,16,10,11,10,5,4,8,5,3,7,3,18,3,5,6,13,3,4,2,6,12
6,5,3,2,9,5,10,15,1,7,23,4,3,6,3,9,2,3,4,3,14,17,3,28,6,3,8,10,21,47,4,14,3,8,2,6,7,6,5,5,12,7,4,7,5,0,3,3,16,1,4,18,4,8,36,8,8,3,3,7,8,4,15,10,18,4,10,5,8,8,12,2,2,2,4,7,12,13,7,3,2,5,4,28,8,11,5,4,1,7,25,4,4,13,17,13,2,3,11,2,7,4,9,37,6,38,23,7,5,10,3,3,11,11,3,5,7,24,5,12,8,11,4,7,6,23,14,17,13,17,12,14,15,2,3,8,10,4,9,3,15,2,4,6,10,5,5,2,9,8
5,4,2,1,6,4,7,15,0,8,13,1,3,3,4,7,3,3,3,2,9,8,3,16,5,1,4,11,10,30,3,11,4,6,2,8,4,7,3,1,12,6,4,4,6,1,2,3,14,3,5,12,2,7,28,11,7,2,4,5,8,5,12,9,12,3,6,5,7,7,12,2,3,3,2,6,8,8,5,1,4,4,3,15,8,6,3,4,1,4,17,5,4,10,16,11,3,6,7,3,7,5,8,20,5,26,20,6,3,10,4,3,12,12,2,4,6,20,6,10,7,13,4,7,6,16,24,14,10,7,7,12,10,6,6,8,8,5,8,4,13,3,4,7,7,6,5,2,7,7
6,5,2,1,5,2,5,12,0,5,7,0,3,3,2,6,3,3,3,2,10,12,3,6,8,1,6,12,10,27,4,12,6,5,3,8,2,5,5,3,6,5,7,4,7,2,3,3,10,3,4,8,4,6,26,11,6,2,4,7,9,4,8,9,12,1,8,7,6,7,14,2,3,3,2,5,15,8,6,2,4,4,3,9,11,6,3,4,2,6,10,5,4,8,15,11,4,5,6,4,6,4,8,17,3,25,14,8,3,9,2,3,10,12,1,6,4,17,6,7,5,9,4,10,6,11,20,20,11,9,9,10,15,5,3,8,6,5,8,3,8,2,4,5,6,6,5,1,6,8
6,4,2,2,7,2,4,9,1,3,7,0,4,4,2,4,1,4,2,1,7,10,3,8,7,0,6,10,7,22,2,9,3,6,2,6,2,5,3,2,7,5,6,6,5,0,2,3,7,3,3,9,3,4,16,11,5,1,3,5,7,4,9,4,8,2,7,7,7,9,14,3,3,4,2,5,9,10,3,4,4,4,4,11,5,5,5,3,1,3,9,4,3,8,14,7,1,4,5,4,6,8,8,11,5,19,15,7,3,6,1,2,9,12,2,6,4,11,5,4,6,13,5,14,6,7,18,11,14,7,7,8,9,4,4,6,5,6,8,4,5,2,5,5,6,4,5,2,6,7
5,5,2,2,4,1,4,9,1,3,5,0,2,3,2,2,2,6,1,3,4,8,3,4,7,1,6,8,7,21,4,6,3,2,2,4,4,4,3,2,8,4,6,6,3,1,2,3,4,2,5,5,4,2,13,7,5,2,1,3,7,2,7,4,7,2,8,4,7,8,12,2,3,4,2,4,12,7,3,2,3,2,4,9,5,4,4,4,1,5,6,5,3,8,11,7,0,5,4,5,3,4,7,7,4,14,11,6,4,4,1,2,10,11,2,6,4,8,7,3,7,11,6,16,8,5,19,8,12,7,6,4,7,4,4,5,3,5,6,4,5,2,4,6,5,5,5,2,4,5
4,2,2,1,4,1,3,6,1,1,2,0,3,3,2,3,1,2,0,2,1,3,2,2,7,1,3,7,4,12,2,4,4,3,1,3,3,4,3,1,4,3,5,5,3,1,4,3,3,2,4,3,2,1,8,5,5,3,1,2,4,2,3,4,6,1,5,3,6,8,12,3,2,2,3,2,6,3,3,2,5,3,5,4,3,1,7,3,0,3,3,2,3,10,11,7,0,5,3,3,1,5,4,5,2,7,4,6,5,3,2,2,9,10,1,3,4,8,6,4,7,10,5,11,4,3,15,5,13,3,5,3,4,2,3,5,4,4,5,3,3,2,5,4,6,6,5,3,3,5
2,2,1,0,3,1,4,5,0,1,2,1,1,3,1,2,1,2,0,1,1,1,1,2,4,1,2,7,0,8,1,2,2,2,2,2,3,5,4,0,3,3,3,3,3,0,1,2,2,2,3,2,2,2,7,3,2,3,1,2,3,2,3,4,4,0,2,1,4,9,9,1,2,3,2,1,5,2,4,2,3,2,5,2,3,2,2,3,1,2,3,2,2,7,8,3,1,3,2,2,3,3,2,3,2,4,2,3,3,2,1,1,7,10,2,4,4,5,5,3,6,7,3,10,2,3,12,3,12,3,2,3,2,2,2,3,4,3,2,3,2,0,2,4,4,2,3,1,2,2
3,2,0,0,1,1,2,4,0,2,2,1,1,2,1,1,1,1,0,1,1,0,0,2,2,0,2,3,0,4,0,0,1,2,2,2,1,3,2,0,1,3,3,3,2,0,1,1,1,1,3,1,0,1,8,2,2,1,0,2,1,1,2,4,4,0,1,1,3,6,6,1,2,1,1,1,4,2,2,1,2,1,2,1,2,1,1,2,1,1,2,0,2,6,4,1,0,1,1,1,1,1,1,2,1,2,1,3,2,1,1,1,3,8,1,3,2,3,2,2,4,5,1,5,2,2,5,1,9,2,1,1,2,2,1,2,2,4,1,1,1,0,2,2,1,3,2,1,3,1
2,1,0,0,0,0,0,3,0,1,1,1,1,1,0,1,0,1,0,0,0,0,0,1,2,0,1,3,0,4,1,0,0,2,1,3,0,1,0,0,2,2,4,3,1,0,1,0,1,1,2,1,1,1,5,0,2,1,0,0,0,0,2,1,1,1,2,0,1,4,3,1,1,0,1,0,3,1,1,1,1,0,1,2,2,1,1,0,0,1,0,0,0,2,3,1,0,0,1,1,2,2,1,1,0,1,0,2,2,0,0,1,2,5,1,2,1,2,2,0,2,2,1,3,2,2,5,2,5,2,1,0,1,0,2,1,1,2,1,2,0,0,0,2,2,2,1,0,2,0
2,1,0,0,0,1,1,1,0,0,0,0,0,0,0,0,0,1,0,0,0,1,0,1,2,1,0,1,0,2,1,0,0,0,1,2,1,1,1,0,0,0,3,1,2,1,1,0,0,0,1,0,0,1,3,0,1,0,1,0,0,1,2,1,1,0,1,0,1,2,2,1,0,1,0,0,1,0,0,0,1,0,1,1,1,1,2,0,0,0,0,0,0,2,2,0,0,1,0,1,0,2,1,0,1,0,0,1,1,0,1,0,2,4,0,1,0,3,2,0,3,1,1,2,2,1,8,2,5,1,0,1,0,0,1,1,1,1,1,0,0,0,0,2,1,1,1,0,1,0
0,2,0,0,0,0,0,1,0,2,1,0,0,1,1,0,0,0,1,0,1,1,0,1,1,1,0,2,0,2,0,0,1,2,1,1,0,1,0,0,0,1,1,1,2,0,1,0,1,0,1,0,0,2,3,0,0,0,0,0,0,1,1,1,2,0,1,0,1,1,2,0,0,0,0,0,1,0,1,0,1,0,1,1,1,0,1,0,0,1,0,0,0,2,1,1,0,1,1,2,0,2,0,0,0,0,0,1,2,0,0,0,3,4,0,2,1,3,1,0,3,2,2,2,1,1,6,0,7,1,1,0,1,1,0,1,0,0,0,0,0,0,0,2,2,2,1,1,1,1
0,1,1,0,0,1,1,2,0,1,0,0,0,1,1,1,0,0,0,1,0,1,0,0,2,0,0,2,0,3,0,0,0,1,0,0,0,1,0,0,1,0,1,1,2,0,0,0,0,0,1,1,1,1,2,1,0,0,1,0,1,0,1,1,3,0,1,1,1,2,3,1,1,3,1,1,3,0,1,0,1,0,1,1,1,0,1,0,0,1,2,1,1,4,3,2,0,1,1,1,1,2,0,1,0,1,1,1,1,0,1,1,2,3,0,2,1,3,1,0,3,3,2,4,0,1,7,1,7,0,1,1,2,1,1,1,0,1,1,1,1,0,0,4,2,1,3,0,1,0
2,2,2,0,1,1,1,2,0,3,1,0,0,2,3,1,1,1,0,1,0,1,1,4,3,0,0,4,2,7,1,1,1,2,0,4,1,2,1,1,3,1,1,1,4,0,0,1,3,0,0,4,1,0,3,1,1,0,2,1,3,1,2,1,7,0,1,1,3,5,6,1,3,3,2,3,5,3,1,1,2,1,1,4,3,2,2,2,2,2,5,2,1,5,6,2,1,2,2,2,1,3,2,3,1,8,1,2,1,0,1,3,5,4,0,4,2,6,2,2,2,7,2,5,1,3,10,4,10,2,2,2,7,1,1,2,0,1,2,1,3,1,5,3,4,2,3,1,4,2
7,10,1,1,3,3,2,3,0,14,7,0,4,3,14,8,6,2,0,3,2,5,2,24,4,0,2,7,10,22,2,2,0,7,0,10,1,4,2,1,7,3,2,3,16,0,2,2,8,3,2,13,1,1,12,3,4,2,3,4,8,4,9,3,17,2,6,4,6,7,8,1,2,2,2,2,14,16,3,2,5,5,4,23,15,5,3,5,2,5,8,5,3,11,18,5,6,2,3,3,6,5,8,19,3,38,5,6,2,2,1,3,8,6,1,5,3,14,9,8,4,7,6,9,1,8,12,12,12,5,7,3,11,7,4,5,3,5,4,4,5,2,6,9,10,5,4,2,7,8
10,11,2,3,4,5,6,7,0,22,8,1,7,6,24,10,9,5,1,5,3,11,7,30,6,1,3,11,12,40,3,2,1,15,2,13,3,7,4,1,9,6,5,5,30,1,3,2,10,2,5,16,3,5,18,8,5,2,6,7,9,5,19,7,20,5,5,5,6,7,11,5,2,4,4,4,15,16,6,7,3,2,5,30,17,7,5,2,2,3,12,5,2,14,35,10,10,2,7,5,6,7,11,31,4,37,10,7,4,2,2,5,8,7,1,5,4,14,10,7,6,12,11,8,4,9,11,11,8,4,9,6,14,8,2,8,4,2,7,3,7,1,9,10,9,4,3,2,8,15
12,14,1,0,3,4,6,9,0,27,10,2,9,5,24,13,10,5,2,4,4,11,4,14,7,2,7,11,11,27,3,4,3,9,1,14,3,8,2,1,10,5,3,6,35,1,1,2,11,1,3,12,3,9,19,11,7,2,7,5,8,6,12,11,19,2,3,5,4,4,12,3,2,3,3,5,14,11,6,6,2,1,3,13,10,7,6,4,2,2,14,3,4,12,22,7,15,5,8,4,5,7,11,21,3,22,12,9,4,5,2,3,3,5,2,4,3,11,8,8,8,7,10,8,2,9,11,12,8,6,12,5,13,6,4,8,3,4,6,2,4,2,6,6,11,4,2,1,7,10
11,14,4,2,4,3,3,12,0,26,7,2,10,6,22,13,12,6,3,4,6,12,2,12,5,1,7,8,10,24,6,3,6,11,2,14,2,10,3,1,11,5,5,9,38,0,2,2,11,2,3,9,4,7,20,15,6,3,10,7,4,6,12,8,22,3,5,4,5,5,10,4,2,1,3,8,12,10,7,6,1,0,4,16,9,7,4,4,1,3,13,2,3,11,20,8,16,4,10,2,5,6,11,18,3,25,17,9,4,6,2,3,6,8,1,4,5,16,8,4,8,9,9,7,4,9,9,10,8,6,11,6,14,6,3,5,4,4,8,2,9,2,6,5,12,5,3,1,5,10
15,16,2,1,4,4,5,13,0,24,7,3,9,7,20,16,13,5,2,3,6,15,3,7,7,1,5,9,9,24,7,2,6,11,3,15,4,8,3,3,5,4,5,11,41,0,1,3,10,2,4,11,3,9,19,9,10,3,11,8,7,7,17,9,17,1,4,7,6,4,10,1,1,1,3,5,13,11,7,5,2,2,2,11,7,8,4,3,0,3,14,3,4,11,19,13,10,3,7,2,7,8,14,26,3,21,15,8,4,5,5,3,7,6,1,4,4,15,8,4,7,7,10,6,2,11,11,11,9,7,10,10,10,6,3,6,3,6,6,2,5,2,5,5,14,6,3,2,4,11
12,17,3,1,7,5,4,18,0,18,7,3,10,6,16,12,12,5,2,4,8,18,3,7,7,1,3,11,9,20,8,5,7,15,5,13,6,10,1,2,6,5,5,11,32,1,1,2,9,2,4,7,4,13,24,10,7,3,10,5,8,7,17,8,18,2,4,6,6,4,9,3,2,3,3,5,11,11,7,8,1,2,4,10,6,5,2,3,2,3,18,4,5,11,26,10,5,7,6,3,7,6,12,22,2,20,19,7,4,6,2,2,7,6,1,3,6,14,6,4,6,9,10,8,5,8,10,8,9,6,13,9,14,6,2,9,3,5,9,2,7,1,7,5,16,7,3,2,7,14
10,14,1,1,5,3,3,16,0,21,9,2,5,5,19,15,10,4,2,5,10,14,3,11,5,1,4,7,10,25,4,5,4,14,5,9,5,8,4,1,5,4,5,11,31,0,2,1,10,1,3,5,5,9,18,13,6,3,8,5,7,4,13,9,16,2,6,4,5,5,9,3,3,2,4,5,9,12,6,5,3,2,2,9,7,7,2,3,2,2,23,4,5,8,26,9,5,4,7,3,7,7,11,24,3,19,19,9,4,7,2,4,4,5,1,2,3,19,10,3,8,9,8,8,6,9,10,10,9,7,9,8,11,6,1,7,5,6,7,2,8,1,5,7,16,5,2,1,5,13
7,13,2,1,2,4,5,13,0,18,8,1,3,5,21,16,9,5,3,4,12,10,3,10,5,1,5,13,11,26,7,5,3,13,6,13,4,12,2,1,7,4,4,13,35,0,2,1,16,1,4,6,5,8,22,12,5,4,10,5,3,6,15,8,13,3,4,5,9,4,11,2,1,1,3,3,11,11,8,7,2,2,2,12,7,8,2,2,1,3,17,5,4,9,24,7,7,5,7,3,5,6,14,23,5,21,19,7,6,5,2,4,7,5,2,3,4,15,9,6,8,8,7,7,5,10,10,12,12,5,8,9,10,3,2,8,7,4,7,2,7,1,6,6,12,4,0,1,3,15
9,16,3,1,5,5,5,11,0,19,7,2,6,3,21,14,7,5,2,2,12,13,3,13,5,1,6,11,11,27,5,5,8,11,3,15,6,9,3,2,6,4,7,10,38,1,1,2,14,2,2,10,5,8,18,12,8,3,8,6,7,7,14,9,16,3,3,6,7,4,13,2,1,2,2,4,10,12,8,5,2,2,3,12,8,7,2,4,1,4,23,5,5,9,23,8,6,3,10,3,5,7,14,21,3,28,22,7,6,6,4,2,8,7,1,4,5,18,8,6,6,8,8,9,3,15,9,13,12,9,11,8,16,2,1,6,5,5,7,1,7,0,4,6,13,5,3,1,3,12
8,15,1,1,4,5,5,13,0,16,13,2,7,6,12,12,11,3,1,4,14,13,7,11,4,2,5,9,13,29,5,5,6,9,2,11,6,5,5,3,8,5,6,10,40,0,1,2,15,3,4,15,4,7,23,12,6,4,7,4,9,8,13,11,22,2,8,7,7,6,12,2,1,2,1,5,13,13,6,6,1,3,4,16,7,6,2,4,0,3,30,4,7,12,28,11,2,4,5,4,7,6,15,30,4,26,22,7,4,5,4,3,7,10,2,4,5,19,8,7,4,11,7,9,6,18,13,18,7,9,12,7,16,4,1,13,3,3,7,2,7,2,4,5,13,3,4,1,5,13
9,9,3,1,5,3,5,18,0,10,10,2,7,4,4,21,6,2,1,5,21,11,8,14,10,2,7,10,19,32,7,6,4,10,3,7,7,9,5,3,7,2,6,11,22,1,2,2,16,2,4,20,6,10,37,15,10,6,7,7,18,6,19,13,20,2,6,6,5,5,12,4,1,2,4,7,13,18,11,6,3,3,4,21,12,6,1,4,1,4,20,6,4,15,28,12,2,3,8,4,7,7,17,41,5,43,22,8,6,6,2,4,9,12,1,2,8,35,8,7,7,12,6,10,5,27,17,13,13,10,16,7,14,5,2,18,6,3,7,3,12,2,3,6,14,6,5,3,6,12
6,5,2,2,6,3,6,15,1,6,9,1,3,3,2,26,3,2,3,3,20,13,8,15,9,1,9,9,20,28,5,7,4,8,2,7,7,6,5,1,7,4,4,11,7,2,1,4,11,2,6,23,5,9,44,20,12,2,5,7,23,7,13,13,22,5,9,4,8,6,11,3,2,2,4,7,12,17,6,2,6,2,4,26,13,5,5,3,2,7,12,9,3,13,28,10,1,4,4,4,8,8,19,43,5,36,23,7,6,9,2,3,13,14,1,5,6,33,9,10,6,16,6,12,7,23,14,17,14,11,14,10,14,3,2,22,7,4,10,3,11,3,3,6,10,4,6,2,9,8
6,4,2,1,9,3,4,16,1,4,9,2,2,4,1,15,5,2,1,2,9,13,5,10,5,1,6,8,7,24,4,5,4,6,2,7,4,7,3,0,7,6,4,9,5,1,1,3,13,3,7,14,3,7,30,16,9,3,2,5,9,7,13,11,13,2,6,6,7,6,8,2,3,3,2,6,8,10,5,2,6,3,5,14,8,5,3,3,2,5,11,7,5,10,18,10,1,4,5,4,10,7,13,29,4,19,18,6,6,7,4,3,10,13,1,4,6,20,5,9,6,12,3,10,7,16,16,14,14,8,10,9,9,3,4,13,9,5,10,4,8,1,3,7,7,3,7,1,7,7
6,5,4,1,5,3,4,11,1,6,12,1,2,2,1,12,3,3,1,1,8,13,4,10,8,2,5,7,8,29,4,5,6,5,2,8,4,4,5,1,9,5,7,6,6,2,2,4,9,2,4,6,4,6,20,15,7,2,3,6,8,6,11,10,12,4,6,6,7,4,12,2,4,4,3,6,15,11,3,3,4,4,5,13,10,6,5,4,2,5,10,4,4,8,20,11,2,3,6,5,7,7,10,25,2,19,17,4,4,6,2,2,12,13,2,6,5,17,4,8,4,9,5,10,6,11,17,14,15,7,9,10,11,6,5,8,5,5,8,5,7,3,3,7,7,7,5,1,7,7
4,4,2,2,7,3,5,8,2,5,7,1,3,4,2,7,1,3,0,1,9,11,3,6,7,1,5,7,6,22,5,6,3,6,3,6,4,7,3,1,7,5,4,7,5,1,3,4,10,1,3,3,3,4,21,14,6,3,4,3,7,4,11,8,8,3,5,4,7,4,14,3,2,4,4,4,11,6,3,2,5,5,6,10,6,2,5,3,1,4,7,4,5,8,15,7,2,3,5,4,8,8,6,27,2,15,12,4,6,3,1,2,12,11,3,6,5,11,6,6,6,11,6,11,5,7,16,14,18,7,5,8,12,4,3,7,5,5,8,6,7,2,4,6,6,5,6,1,6,6
4,2,3,1,4,2,5,9,1,2,7,1,2,5,1,3,2,2,0,1,6,8,3,4,11,1,5,8,5,21,6,4,3,2,4,4,4,6,5,2,8,4,7,6,3,1,5,3,7,1,6,4,4,2,12,7,3,4,2,2,5,2,7,8,6,2,3,3,7,7,14,2,5,4,2,2,12,6,5,2,5,2,6,7,6,4,6,4,0,3,7,4,5,8,12,7,0,5,4,4,7,4,6,15,2,11,10,5,2,5,2,3,11,11,2,7,5,8,4,5,7,13,7,13,5,5,16,9,15,7,5,4,9,4,5,8,3,7,6,7,6,2,3,8,8,6,4,0,5,6
3,1,2,1,3,1,3,6,0,1,5,1,2,2,1,1,1,3,0,0,1,4,2,2,9,2,4,12,2,12,3,1,4,3,3,2,3,4,4,1,4,3,6,5,3,1,3,2,5,2,6,4,2,2,9,3,5,3,1,1,3,2,6,6,5,1,2,1,6,10,10,1,4,5,3,1,6,2,5,2,2,3,5,3,4,2,6,3,1,3,4,4,2,10,10,3,0,5,2,3,3,5,4,6,1,8,4,6,3,3,1,2,9,10,2,5,3,8,6,4,7,8,4,11,5,3,14,7,13,4,3,3,3,2,4,4,4,5,6,6,4,2,1,5,4,4,4,2,5,6
2,2,1,0,3,1,4,5,0,1,2,1,1,3,1,2,1,2,0,1,1,1,1,2,4,1,2,7,0,8,1,2,2,2,2,2,3,5,4,0,3,3,3,3,3,0,1,2,2,2,3,2,2,2,7,3,2,3,1,2,3,2,3,4,4,0,2,1,4,9,9,1,2,3,2,1,5,2,4,2,3,2,5,2,3,2,2,3,1,2,3,2,2,7,8,3,1,3,2,2,3,3,2,3,2,4,2,3,3,2,1,1,7,10,2,4,4,5,5,3,6,7,3,10,2,3,12,3,12,3,2,3,2,2,2,3,4,3,2,3,2,0,2,4,4,2,3,1,2,2
3,2,1,0,1,1,2,4,0,2,3,1,1,2,1,1,1,1,0,1,1,1,0,2,2,0,2,3,0,4,0,2,2,1,2,3,1,2,2,1,2,2,3,1,1,0,1,0,2,2,2,1,0,1,8,2,2,1,0,2,1,1,3,3,4,0,1,1,3,6,6,1,1,2,1,1,4,2,2,2,2,1,2,1,2,1,1,1,1,1,2,2,2,4,4,2,1,1,1,1,1,2,1,2,1,2,1,2,3,2,1,1,5,6,2,3,2,3,2,1,5,4,1,5,2,2,7,1,9,2,2,1,2,1,2,2,2,2,2,1,1,0,1,2,1,3,3,1,3,1
2,3,1,0,1,0,3,1,0,1,0,0,2,2,0,1,0,1,0,0,1,1,0,2,2,0,2,3,0,3,1,0,1,0,1,3,0,2,1,0,2,0,2,3,0,0,1,1,1,1,1,1,0,1,5,0,2,1,0,0,0,0,1,1,1,0,1,1,1,3,3,2,2,1,0,0,3,1,1,1,1,1,2,1,1,0,1,1,1,1,0,0,0,2,3,1,1,0,1,1,0,1,1,1,0,1,1,1,1,1,0,1,5,4,0,2,0,2,2,0,2,4,2,5,1,1,8,1,8,2,2,0,0,0,1,0,2,2,1,2,0,0,0,2,2,2,3,0,2,1
1,1,0,0,0,0,1,1,0,1,0,0,0,1,1,0,0,1,0,0,0,0,0,1,1,0,1,1,0,4,1,0,1,1,1,1,1,1,1,0,1,0,1,2,0,1,2,1,1,1,1,0,0,1,5,0,1,1,1,0,0,1,3,1,1,0,1,0,1,3,3,1,1,1,0,1,1,2,0,1,0,1,2,1,1,0,2,0,0,0,0,0,0,2,3,0,0,0,0,1,1,0,1,1,1,1,0,1,1,0,1,0,3,3,0,0,1,3,1,0,1,3,1,4,1,1,7,1,6,1,1,0,0,0,0,1,1,2,0,0,0,0,0,3,1,1,2,0,1,1
1,0,0,0,0,0,1,1,0,1,0,0,0,0,1,0,0,0,0,0,1,1,0,0,1,1,0,2,0,2,0,0,0,0,1,1,1,1,0,0,1,1,0,2,0,0,1,0,2,1,2,1,0,0,3,0,1,0,0,0,0,1,2,1,2,0,1,1,0,3,3,0,1,1,1,1,1,2,1,0,0,1,2,1,1,0,2,0,0,1,1,0,0,3,2,1,0,0,1,2,0,0,0,0,1,0,0,1,2,0,0,0,3,4,0,1,1,1,1,1,2,2,1,3,0,1,5,1,5,1,1,0,0,0,0,0,1,1,1,0,0,0,1,4,2,2,2,0,1,1
1,0,0,0,0,1,1,2,0,1,1,0,0,0,1,0,0,1,0,1,0,0,0,0,1,0,1,2,0,3,0,0,1,1,0,2,1,0,0,0,1,0,1,1,0,0,1,0,2,0,0,0,0,1,3,1,1,0,1,0,1,0,1,1,3,0,1,0,1,3,3,1,1,2,0,1,3,1,0,0,0,0,2,1,0,0,0,0,1,1,1,0,0,3,2,2,0,0,1,1,1,0,1,1,0,2,0,1,1,1,1,1,3,3,0,0,1,2,0,1,2,3,1,3,1,2,6,1,5,0,1,1,1,0,1,1,0,1,1,1,1,1,1,2,2,3,2,1,0,0
1,1,2,1,1,2,0,2,0,2,2,0,2,0,0,1,1,2,0,0,0,1,1,2,4,0,3,3,1,7,0,0,1,2,1,6,1,1,1,1,1,2,2,1,0,0,1,0,4,1,1,2,0,1,6,1,1,1,1,1,1,1,3,1,6,1,4,1,4,3,6,1,1,3,1,2,4,4,2,1,1,1,3,4,2,3,2,1,0,1,5,2,1,6,5,2,0,1,2,2,2,3,2,3,1,7,2,1,1,1,1,3,6,4,0,1,2,8,2,2,4,7,2,6,2,5,7,7,8,2,4,2,4,2,2,2,2,2,2,2,2,2,6,5,4,2,3,2,3,3
3,9,1,1,1,4,1,3,0,7,16,0,3,4,3,8,6,4,0,1,2,3,0,28,5,0,4,7,4,27,6,6,0,7,2,12,2,2,2,2,4,1,3,4,3,0,2,2,11,1,4,13,3,1,14,3,4,3,2,6,5,2,5,3,20,3,16,5,7,5,8,1,1,2,2,2,8,15,4,0,3,3,4,15,14,12,4,2,2,4,20,6,6,13,13,5,7,1,11,3,2,5,7,15,1,29,7,4,2,6,3,3,9,6,1,6,4,30,9,5,6,7,6,9,4,18,10,15,13,8,9,2,13,10,3,7,7,3,4,3,3,1,6,7,7,5,4,3,6,4
7,14,3,2,2,4,2,8,0,9,21,1,6,3,6,10,8,6,2,3,3,5,1,31,7,2,6,8,4,38,7,11,1,8,3,22,3,4,3,7,4,3,3,7,5,1,3,3,19,0,3,15,3,5,16,8,5,4,5,11,5,3,7,7,21,3,14,9,10,7,10,2,2,2,3,4,9,15,8,1,3,4,3,15,13,10,2,5,1,7,26,7,7,15,13,10,19,2,18,5,4,7,17,26,5,38,10,6,3,9,4,3,6,6,1,6,6,36,10,8,7,12,11,9,7,21,9,16,10,10,12,5,13,8,1,9,7,4,6,3,5,2,9,8,10,5,6,2,5,7
6,17,2,2,4,4,5,11,0,11,9,1,6,3,5,9,11,4,2,2,4,5,3,21,7,1,7,9,4,25,9,10,3,14,2,25,0,6,3,7,6,3,4,8,9,0,3,2,16,1,3,9,3,9,17,11,6,6,5,6,6,3,6,7,17,1,10,11,13,4,16,2,2,3,2,5,9,14,8,1,3,1,3,10,11,6,2,3,1,3,16,6,5,11,15,7,28,2,13,4,5,6,13,17,2,23,12,5,5,9,4,4,8,6,1,5,7,24,7,8,5,13,10,8,8,15,8,15,10,13,14,6,11,6,2,7,4,4,6,2,7,1,6,9,10,3,4,3,4,9
6,16,2,2,5,3,7,12,0,12,7,0,8,4,3,13,14,4,1,2,6,8,1,17,5,1,7,11,5,28,11,8,3,14,2,25,4,8,3,7,5,3,4,14,6,1,3,2,10,1,1,8,2,7,16,15,8,3,5,7,5,4,8,7,21,3,9,12,9,5,12,2,3,3,3,3,12,10,8,2,3,0,4,10,10,7,2,5,2,1,19,4,6,11,17,8,27,3,10,5,4,5,13,26,4,18,17,7,4,8,4,3,8,7,1,5,5,16,8,4,5,13,9,8,10,11,8,14,11,8,14,7,10,5,4,8,6,4,7,1,8,2,6,4,11,3,5,3,2,13
9,17,2,1,4,4,8,15,0,12,8,0,9,5,5,13,13,7,1,2,6,10,3,11,5,2,5,11,7,30,13,8,5,13,1,25,4,5,4,7,5,3,5,10,8,0,2,3,10,0,4,6,3,9,18,9,8,4,5,7,5,5,6,9,24,2,11,12,8,4,11,4,3,3,3,4,13,8,8,2,3,1,2,10,5,8,3,6,2,3,17,2,5,11,18,13,18,3,9,4,5,5,16,28,4,23,15,8,4,7,5,5,6,6,1,3,4,15,8,4,5,14,7,9,9,13,8,12,12,8,16,7,10,4,3,6,6,4,7,2,8,2,4,5,11,4,5,2,3,10
7,19,3,2,6,4,7,19,0,9,9,1,8,5,4,13,12,5,1,3,8,14,3,10,5,1,3,10,7,30,12,11,6,12,3,25,2,6,2,6,7,2,5,10,6,0,1,2,10,1,3,6,4,13,21,12,9,3,4,6,8,4,11,8,20,3,8,14,7,3,9,2,2,4,4,3,11,7,7,3,3,2,4,11,7,5,3,3,0,3,17,4,6,12,28,10,11,7,8,4,6,5,19,18,4,21,19,11,5,12,2,3,7,7,1,4,5,14,9,4,7,13,7,7,9,7,11,13,13,10,11,10,10,4,4,9,5,4,7,4,7,2,7,5,12,5,3,1,4,13
4,15,1,2,7,4,6,14,0,11,7,1,5,4,4,7,10,6,2,2,10,11,2,8,6,1,6,11,7,24,8,8,6,13,1,15,4,6,4,6,10,3,5,9,6,1,2,3,9,2,3,7,5,9,21,11,8,2,3,5,5,5,7,10,18,2,9,9,8,5,10,2,2,3,2,5,9,8,6,3,3,2,2,9,8,5,2,3,1,3,17,3,5,7,23,10,18,4,5,3,4,5,10,18,3,21,17,6,6,9,0,2,6,6,1,3,3,19,8,4,7,9,7,8,6,10,12,14,11,10,9,8,9,4,3,7,4,2,8,4,7,2,7,5,11,4,2,2,5,8
4,12,2,2,5,5,5,14,0,13,8,1,8,4,3,7,9,4,2,2,12,13,3,10,6,3,7,11,5,19,5,7,5,10,4,18,4,8,2,5,8,3,3,10,9,1,1,3,12,2,2,11,3,6,23,14,7,2,3,5,5,5,7,13,21,4,9,8,6,3,7,3,2,3,2,3,11,6,8,2,3,2,5,8,7,9,2,3,1,4,21,3,4,5,21,9,17,5,10,3,5,4,10,19,3,25,20,6,4,5,3,2,6,5,1,4,6,15,7,7,3,6,7,6,5,11,10,15,8,10,15,7,10,5,4,8,5,2,8,2,8,1,6,5,10,4,3,1,5,8
4,12,3,1,4,6,5,14,0,10,9,3,8,4,4,7,11,4,2,2,12,12,3,7,5,1,6,9,8,25,9,6,3,12,3,20,3,13,3,7,11,4,5,9,8,1,3,3,11,1,3,13,3,6,20,13,9,2,4,4,6,4,7,10,23,3,8,11,7,4,7,1,1,3,3,6,10,7,8,2,4,3,3,10,7,9,2,2,1,1,20,4,3,11,24,13,16,3,11,2,5,5,10,19,4,21,25,8,5,6,2,3,6,7,2,2,6,18,9,5,6,8,7,7,3,14,9,12,9,10,15,10,10,5,4,9,4,4,4,2,8,2,9,5,13,3,4,2,6,9
4,15,4,1,4,5,5,15,0,8,10,2,7,4,2,7,11,3,1,1,15,15,7,10,8,2,5,10,10,29,9,8,4,13,4,18,6,8,5,7,13,6,3,12,7,0,2,3,10,2,3,10,3,6,26,15,6,2,5,4,9,5,13,5,23,2,9,10,7,6,10,3,1,3,2,4,13,7,6,3,2,2,3,19,9,8,3,5,1,5,25,3,7,9,22,10,11,6,9,3,4,7,15,20,5,25,23,8,5,5,1,3,7,8,3,4,6,19,8,8,4,11,9,7,6,20,13,15,12,10,15,11,13,6,4,10,6,3,7,1,11,1,6,6,13,4,5,1,4,14
4,11,3,1,5,4,5,24,0,5,18,3,5,4,2,6,10,4,1,4,15,16,8,15,9,2,7,12,10,34,8,9,5,13,4,13,7,8,5,6,10,3,6,9,6,1,1,4,17,1,4,10,5,7,37,19,11,2,4,7,18,6,19,8,21,3,6,6,5,5,11,1,1,3,5,6,15,9,11,4,4,4,2,25,9,12,3,3,1,6,31,4,8,11,29,14,4,5,12,4,5,8,17,21,8,47,30,7,6,6,1,3,7,12,2,6,7,35,8,8,7,12,7,9,5,14,17,20,14,15,16,12,10,9,3,15,7,3,10,2,20,1,3,9,14,6,5,2,10,18
4,9,3,2,7,4,5,31,1,5,23,3,3,4,3,7,4,3,2,3,9,12,7,13,11,1,6,17,7,28,6,7,3,15,4,9,6,8,5,7,12,7,5,8,6,2,2,3,16,2,5,8,4,7,38,19,7,2,2,7,19,5,13,10,18,4,8,4,10,6,12,2,2,3,4,7,19,13,6,4,3,2,3,28,15,11,1,4,1,7,21,4,7,11,29,13,2,6,16,3,6,6,18,15,5,39,26,8,5,9,2,5,13,14,2,6,7,33,6,12,6,10,4,12,3,11,18,16,15,15,11,14,15,11,2,15,9,3,8,4,20,4,3,4,10,7,6,4,10,11
4,7,2,1,7,3,5,26,0,6,10,1,3,4,4,8,5,3,1,2,10,13,4,13,8,1,5,11,8,24,4,5,4,7,3,9,6,7,4,5,11,6,4,7,5,1,2,3,14,1,4,6,2,8,33,14,6,2,3,5,8,5,13,9,12,3,4,6,9,7,12,1,3,3,3,5,9,8,5,3,3,4,4,15,10,7,4,4,2,5,13,5,5,9,18,8,2,6,18,3,6,5,14,15,4,24,20,8,3,4,2,4,11,13,2,5,3,20,6,10,7,10,4,10,5,10,19,14,17,10,8,12,10,12,4,10,7,3,11,4,14,1,3,7,7,7,7,3,7,7
3,6,2,2,9,3,4,18,0,5,8,0,3,3,2,7,3,2,1,2,6,13,3,9,8,1,4,9,9,29,4,5,6,7,2,9,4,4,3,2,8,7,7,4,4,2,4,3,10,2,4,7,4,4,24,7,7,2,3,6,9,4,9,9,12,3,10,6,8,7,13,3,3,4,2,4,12,8,3,4,4,2,4,9,10,5,3,3,1,3,9,5,4,9,20,10,2,3,7,2,5,4,15,19,4,24,17,8,3,5,1,2,12,13,1,4,6,17,6,6,5,5,4,11,6,11,17,14,13,8,10,11,15,2,5,8,7,3,9,4,5,3,3,6,7,6,5,2,9,8
5,3,2,0,7,3,4,13,1,5,8,1,4,6,2,7,2,4,0,2,8,11,2,8,6,1,4,9,7,22,2,6,4,7,2,8,3,6,3,1,8,6,6,5,5,1,3,2,7,1,5,6,3,3,26,7,2,3,2,3,6,4,7,4,8,2,6,4,6,8,13,3,3,2,2,2,10,10,2,3,3,2,5,7,6,3,2,4,2,4,6,5,3,12,15,9,1,6,4,3,5,4,14,16,2,14,15,6,4,3,3,1,12,11,2,4,5,17,5,6,6,10,4,11,5,7,16,12,15,10,7,8,9,4,3,7,6,3,8,3,7,2,4,6,4,8,5,1,7,8
4,3,2,0,5,2,6,10,1,5,5,1,2,4,2,3,2,6,0,3,6,8,1,7,9,1,6,12,7,16,5,4,4,4,2,4,5,5,4,1,7,5,7,6,3,1,4,2,4,1,6,5,4,3,15,5,5,3,1,2,4,3,4,4,6,1,6,3,6,11,15,2,3,3,2,2,13,7,2,2,4,2,7,5,6,5,4,5,2,3,6,3,3,8,13,8,1,3,4,2,5,5,5,8,4,13,11,7,4,5,1,2,11,11,2,4,6,14,7,7,9,12,7,13,4,5,18,8,14,6,6,4,10,2,5,4,5,2,6,4,6,1,3,5,8,7,4,3,5,4
3,2,2,0,2,1,4,7,1,3,2,1,3,3,0,3,2,2,0,2,2,4,1,4,6,0,3,10,4,10,2,1,4,2,1,3,3,6,4,0,6,5,4,6,3,1,4,2,3,2,5,5,1,3,9,4,5,3,2,1,4,1,5,4,5,1,6,3,4,8,12,1,2,4,3,3,6,3,4,2,3,3,4,4,4,3,4,5,1,3,6,2,3,7,10,4,1,4,2,4,5,4,3,5,2,10,4,5,4,3,1,2,9,11,2,4,4,9,6,4,4,8,3,11,4,4,13,5,14,3,4,3,5,3,3,5,3,3,4,3,2,1,1,7,4,5,7,2,4,4
2,2,0,0,0,1,1,1,0,1,0,0,0,0,1,0,0,0,1,0,0,1,0,2,1,1,1,2,1,4,1,0,0,0,2,1,1,1,0,0,1,1,0,2,1,2,1,1,0,1,1,0,0,1,3,1,1,0,1,0,1,1,2,1,1,0,0,0,2,2,2,1,1,1,0,0,2,2,2,1,0,1,1,1,1,1,0,0,0,1,0,0,0,1,2,1,0,1,0,1,1,0,2,1,0,1,0,1,1,0,0,1,4,3,1,1,1,3,1,0,2,3,1,5,1,0,3,1,7,1,1,0,1,0,1,1,0,2,1,2,0,0,0,3,2,1,1,0,2,0
2,1,0,0,0,0,0,2,0,1,0,0,0,1,0,0,0,0,0,0,0,0,0,0,1,1,0,1,0,2,1,1,0,0,1,2,0,1,0,0,1,1,1,2,1,0,1,0,1,1,1,0,1,2,4,2,1,0,0,0,0,1,1,1,0,0,0,0,3,1,2,0,0,0,0,0,2,2,1,0,0,0,1,1,0,1,0,0,0,1,1,1,0,1,1,1,0,1,1,1,1,0,0,0,0,0,0,1,2,0,1,0,2,4,1,0,1,1,2,0,2,2,1,4,0,1,5,1,6,2,1,0,0,0,0,2,1,1,0,1,0,0,0,4,2,1,1,0,2,0
2,1,1,0,0,1,1,2,0,0,0,0,0,0,1,1,0,1,0,0,0,0,0,1,2,0,1,2,0,2,2,0,0,1,0,1,1,0,1,0,0,1,2,1,2,0,0,0,0,2,0,0,1,1,3,1,3,0,0,0,1,1,2,0,1,0,1,1,3,2,1,1,1,2,0,1,2,1,0,0,0,0,1,2,0,1,1,0,0,1,2,1,0,3,1,1,0,1,1,2,1,1,0,1,0,0,0,2,1,0,0,0,3,3,0,1,1,2,2,0,2,3,2,4,1,2,6,1,3,1,1,0,1,0,0,1,1,2,0,1,1,0,0,2,2,2,2,0,2,1
2,3,2,1,2,2,0,2,0,1,3,0,1,0,2,1,2,0,1,0,0,1,1,2,4,0,1,2,1,3,1,1,1,1,1,3,1,1,1,0,2,1,2,0,2,0,1,0,1,2,1,2,1,1,6,1,3,0,1,0,3,2,3,0,3,0,1,1,5,4,4,2,1,2,1,3,5,1,1,1,1,0,1,3,2,1,0,2,1,1,5,1,1,4,7,3,0,1,1,2,2,2,1,2,1,6,2,3,1,1,1,2,4,4,1,2,2,5,1,0,4,6,3,7,2,4,7,7,8,3,3,0,4,2,1,2,2,2,1,1,2,1,4,5,4,2,3,1,2,2
4,5,1,1,2,4,1,4,1,4,7,0,3,4,6,1,4,0,1,1,3,1,0,5,5,1,2,5,4,9,2,2,0,3,1,8,1,4,1,0,4,3,3,2,8,0,2,2,5,4,4,7,1,2,17,3,3,2,3,3,3,5,5,4,4,0,6,4,3,6,8,2,2,1,2,2,6,4,2,0,1,3,4,7,6,5,1,3,2,4,8,3,3,8,16,7,6,1,2,3,2,3,3,6,2,12,7,3,2,3,1,3,4,3,1,3,4,15,4,2,7,9,6,8,1,8,10,15,9,3,6,2,7,4,3,7,4,3,2,4,3,2,6,7,7,3,4,2,6,3
4,4,2,1,3,4,3,8,1,9,8,0,1,3,11,4,4,2,2,4,4,5,1,8,7,2,5,8,4,17,3,3,1,4,2,14,3,3,2,0,3,4,4,4,16,1,3,2,9,3,6,7,3,2,18,8,4,2,6,5,5,7,7,7,9,2,5,5,4,6,11,3,1,3,3,6,9,9,4,1,4,4,5,11,7,7,2,3,2,4,12,2,6,9,17,9,10,3,5,5,4,5,5,6,2,15,10,6,4,3,2,3,7,6,1,4,6,18,5,2,5,14,4,10,6,12,11,16,11,5,6,5,9,6,4,12,5,3,5,4,5,1,8,8,10,5,6,2,6,5
5,4,3,0,2,3,3,11,0,12,9,1,3,3,10,4,5,3,1,2,6,5,3,9,7,2,3,11,6,13,3,2,3,7,2,14,0,6,1,2,3,3,3,4,23,0,4,2,9,3,2,9,3,4,19,11,5,4,5,4,6,5,10,8,10,2,3,5,5,6,11,3,2,4,2,5,9,9,5,1,5,3,3,11,8,7,2,3,2,6,14,3,5,11,15,8,15,3,7,4,5,6,7,13,4,15,12,7,4,6,3,4,6,7,1,7,7,14,6,6,7,13,5,9,6,11,13,15,11,5,6,6,12,3,4,7,4,4,6,2,6,2,8,7,13,6,4,3,6,8
6,5,2,1,5,4,3,12,0,16,7,1,4,4,11,5,9,2,2,3,5,8,1,7,8,1,6,12,11,22,6,5,3,6,2,19,4,10,3,3,6,4,3,4,23,1,3,2,9,2,4,5,2,4,20,15,5,2,4,4,7,8,10,8,10,3,5,4,5,5,11,3,3,4,2,4,12,9,3,2,5,1,5,10,8,4,2,3,3,2,13,6,6,10,17,9,16,4,7,2,4,5,8,12,2,14,13,6,4,6,4,3,10,7,1,4,5,17,7,6,6,13,4,9,5,8,11,14,12,7,6,8,10,4,6,6,6,4,9,2,7,2,7,7,14,3,5,3,8,7
9,5,3,1,4,3,5,15,0,12,11,1,6,5,7,6,8,2,1,2,9,10,2,6,5,0,7,10,10,21,7,5,3,4,3,16,2,6,3,3,6,4,6,6,18,0,2,3,9,2,4,7,3,5,19,9,6,2,4,6,6,7,10,9,12,1,4,7,4,4,9,2,2,2,1,4,13,11,4,2,4,3,3,10,9,3,2,6,2,2,14,3,7,8,18,8,10,4,6,3,5,5,7,16,2,15,17,6,4,3,5,5,11,7,2,4,4,15,4,6,5,12,5,9,5,8,10,12,12,6,6,7,10,5,4,6,6,4,10,2,5,2,8,6,14,4,5,1,4,5
7,6,2,1,5,1,3,19,0,9,8,1,4,5,9,7,8,2,2,3,11,14,3,8,5,2,3,13,7,23,6,5,4,7,2,13,3,6,4,2,5,3,5,8,13,1,1,2,11,1,3,5,4,8,24,12,9,3,3,6,7,6,10,8,11,2,5,6,7,3,8,1,1,3,2,4,11,7,4,3,2,1,3,11,5,5,2,3,0,2,18,3,7,11,15,7,5,3,5,5,6,7,7,14,2,18,19,5,5,5,2,3,10,8,1,3,5,15,4,4,7,10,5,7,5,9,12,13,11,8,6,6,14,5,4,9,5,5,9,2,7,1,8,5,11,5,3,2,6,5
5,2,1,1,4,3,4,16,0,12,10,1,2,4,9,6,6,3,2,2,7,11,3,8,6,2,4,8,7,24,7,5,3,7,3,13,5,5,4,1,8,3,5,7,12,1,2,1,12,2,4,6,4,4,20,11,7,2,3,7,8,7,8,9,12,3,6,4,6,5,10,1,2,3,1,5,9,5,2,3,3,2,4,9,11,5,2,4,1,5,20,5,6,8,17,9,5,1,6,6,5,6,9,13,3,22,17,6,5,9,2,3,9,5,1,2,3,16,6,4,6,13,5,8,6,8,13,19,12,5,8,10,11,4,3,7,5,6,9,3,8,2,5,5,14,7,3,1,5,6
6,4,2,1,3,4,5,13,0,11,8,0,4,4,7,7,5,3,2,2,8,13,4,10,6,0,5,10,5,19,6,5,4,4,3,12,4,7,2,1,7,3,4,7,16,1,1,2,11,0,4,8,4,5,19,12,4,2,4,5,7,6,8,8,12,2,7,6,6,3,7,2,2,2,2,6,10,10,4,2,3,2,2,12,8,5,1,4,0,5,23,3,6,6,17,7,7,3,4,3,6,6,9,17,3,22,20,5,2,5,2,2,9,3,2,2,4,18,4,7,6,9,6,6,5,11,12,14,9,7,7,9,10,4,4,8,7,4,9,2,6,2,5,4,13,4,3,1,3,5
7,4,3,1,4,2,3,11,0,13,7,0,3,5,7,7,5,2,2,2,12,12,3,13,5,1,4,10,8,25,7,6,2,6,4,15,6,6,3,2,6,4,6,7,15,0,3,2,10,1,5,7,4,2,19,12,5,2,4,4,6,6,9,9,11,3,7,6,6,4,7,2,1,1,3,3,12,10,2,2,4,3,3,11,11,7,2,5,1,4,20,5,5,8,23,8,6,5,6,2,7,5,7,20,2,24,20,5,3,6,2,2,9,6,1,2,5,17,3,5,6,9,3,7,3,14,14,15,10,9,11,8,16,3,4,7,5,5,9,2,9,1,6,4,12,3,4,2,3,6
6,6,3,2,5,3,3,13,0,9,13,1,4,5,7,7,6,2,1,1,14,15,3,11,6,2,3,9,10,29,6,8,5,9,2,11,6,7,5,3,8,6,4,6,14,1,2,2,14,1,5,9,3,4,22,16,7,2,4,4,10,7,12,11,12,3,8,7,5,6,10,3,4,3,3,3,13,15,3,3,2,2,4,15,8,6,3,5,3,4,27,4,7,8,22,11,2,3,7,3,5,4,9,20,4,23,22,7,4,5,1,2,7,7,0,2,5,23,4,8,4,9,3,7,5,20,15,14,13,9,9,7,16,5,3,10,3,3,8,4,9,1,7,6,13,5,4,1,6,6
6,5,3,2,5,2,4,18,0,9,10,1,3,4,3,6,5,2,1,4,13,16,4,14,7,2,5,10,10,34,4,9,3,10,2,7,5,6,5,2,8,3,6,7,9,0,1,3,16,1,2,8,5,4,23,18,6,2,4,6,8,6,8,11,18,2,9,6,4,5,8,1,3,3,3,5,15,12,3,4,4,4,4,14,10,7,3,4,1,5,15,4,4,9,19,12,2,5,9,4,5,5,10,21,5,29,22,6,4,6,1,3,10,11,2,4,8,24,6,8,7,10,4,9,4,14,16,22,15,10,7,7,14,8,3,10,6,5,9,5,12,1,4,6,10,3,4,2,7,9
6,3,3,1,6,2,5,15,1,6,14,1,3,3,2,7,2,4,3,3,11,13,3,15,9,2,4,10,7,28,3,7,4,8,2,7,6,6,6,5,10,7,4,7,4,1,1,3,12,2,4,10,4,6,23,13,8,2,3,5,8,6,8,9,12,3,10,2,7,7,10,2,3,3,3,6,19,10,7,4,3,2,5,12,9,7,1,5,3,5,14,5,3,12,18,10,1,3,6,4,4,4,9,15,6,31,23,6,4,9,2,4,11,10,1,5,6,24,9,6,6,13,3,9,6,11,17,20,17,11,9,10,23,7,3,8,8,2,10,6,11,4,4,4,6,5,5,0,7,7
5,2,4,1,9,3,5,16,0,5,9,2,3,4,4,7,1,2,2,2,11,13,3,10,5,2,4,11,8,24,6,5,4,6,3,7,3,6,5,1,8,6,4,6,4,0,3,4,12,3,5,7,2,4,19,11,7,2,2,3,5,6,9,13,12,2,6,5,10,6,9,1,3,3,2,4,9,10,3,3,3,3,4,8,11,4,2,3,1,3,8,4,5,8,16,10,1,6,5,4,6,6,10,15,5,24,20,6,3,7,2,5,12,13,1,5,4,20,5,6,7,9,3,8,6,12,20,19,19,9,10,9,15,5,3,6,7,4,10,4,8,1,5,5,8,6,5,2,5,8
6,2,2,1,5,3,4,11,1,7,6,1,3,3,4,4,2,3,1,1,11,13,3,10,8,2,2,10,8,29,4,5,6,5,2,8,4,5,5,3,10,6,4,6,4,0,5,2,14,5,4,7,4,2,19,11,6,2,3,5,6,6,9,13,11,1,8,3,8,7,9,3,4,4,2,4,12,11,3,2,4,2,6,9,9,6,3,4,1,4,7,4,4,7,15,11,2,3,6,5,5,3,8,19,3,24,18,4,3,6,2,2,10,12,2,5,4,17,4,5,5,5,5,10,6,9,16,14,20,10,8,10,13,6,4,6,7,4,8,4,7,3,5,7,7,4,6,1,6,6
6,4,4,2,6,1,5,8,1,5,5,1,4,6,4,5,2,4,0,1,8,11,3,6,7,1,3,8,5,22,3,5,4,6,3,6,3,5,3,2,7,6,5,7,6,1,4,1,9,4,4,8,3,2,20,11,5,1,4,2,6,5,9,7,9,2,7,4,8,9,8,4,2,2,2,3,10,6,3,4,4,2,5,8,7,5,2,5,2,3,6,4,5,9,15,8,2,3,5,4,4,5,8,16,5,14,15,4,3,3,2,1,9,12,1,7,4,17,7,7,4,10,6,14,3,10,16,14,19,7,6,10,7,3,3,4,7,6,8,4,7,2,4,7,4,6,5,1,6,6
5,3,3,1,3,2,4,9,1,5,5,3,4,4,3,4,2,6,0,3,9,8,3,4,11,1,4,11,5,21,2,4,3,2,4,4,5,4,2,1,8,5,5,8,5,1,3,3,8,4,4,7,4,2,13,7,4,2,1,2,4,6,6,7,6,2,7,3,7,9,12,4,1,3,2,4,13,6,3,2,3,2,6,7,6,3,4,3,2,5,6,4,5,7,14,9,3,4,4,5,4,6,7,8,4,13,10,5,3,6,1,2,12,11,2,4,4,11,6,4,5,12,5,16,4,9,18,9,15,7,6,8,11,2,5,5,4,5,6,4,5,1,4,4,8,5,5,3,5,6
4,2,2,1,3,1,4,6,1,3,4,0,3,2,3,2,0,2,0,2,2,3,1,3,9,1,4,10,1,12,3,1,2,3,2,3,3,4,2,1,4,6,3,7,3,1,2,3,6,1,4,5,2,1,8,3,5,3,2,1,4,3,4,5,5,0,5,3,6,12,12,3,3,4,3,2,6,2,3,2,3,3,5,3,4,3,3,3,1,2,3,2,3,7,13,6,2,3,2,3,3,5,4,5,3,10,4,4,3,4,2,2,13,13,2,4,4,7,5,3,7,8,5,11,3,6,13,7,13,4,4,4,6,3,5,5,3,4,5,4,5,2,2,6,4,5,4,1,4,6
5,1,1,1,3,1,2,4,0,2,2,0,1,3,3,2,1,1,0,0,1,1,2,2,5,0,6,7,0,6,1,2,4,2,2,3,3,3,2,0,3,5,3,5,1,1,1,2,2,2,3,2,2,3,7,2,3,1,0,2,1,2,3,4,4,0,3,2,4,9,7,2,3,2,1,1,2,0,4,2,3,2,5,1,3,2,3,3,0,3,3,1,3,7,9,3,1,4,3,2,2,3,2,5,1,6,2,3,3,2,1,1,7,7,1,3,3,7,4,2,6,8,4,10,2,4,12,6,11,3,2,2,2,3,4,3,2,3,2,2,2,0,2,4,3,4,3,1,2,5
2,3,1,1,1,1,1,5,0,0,2,0,1,2,1,1,0,0,0,1,1,1,1,2,3,1,1,3,0,4,0,1,2,1,2,2,1,2,2,0,1,2,3,3,1,2,1,1,3,2,3,1,0,0,8,3,1,2,0,2,2,1,2,4,4,0,3,2,3,6,6,1,0,1,1,1,3,2,2,1,2,2,2,1,1,1,3,2,1,2,2,1,2,6,6,2,0,2,2,1,1,1,1,1,2,2,1,2,2,2,1,1,5,6,0,2,3,3,2,2,4,5,1,6,3,3,7,3,7,3,1,2,2,0,3,2,3,3,1,1,2,0,1,2,3,3,3,1,3,2
1,1,1,0,0,0,1,2,0,0,1,0,2,3,0,1,0,0,0,0,1,2,1,2,2,0,2,2,0,4,0,0,1,1,1,3,2,1,1,0,2,1,2,1,0,0,0,0,3,1,2,1,1,1,6,1,1,1,0,0,1,0,2,1,1,0,1,1,1,3,3,1,0,0,0,0,2,1,1,1,1,1,1,1,1,1,3,1,1,2,0,1,1,2,4,1,0,1,0,1,1,2,1,2,2,1,0,2,2,2,1,0,5,4,0,2,1,4,2,1,2,2,1,5,1,1,6,3,7,2,1,2,0,0,3,2,1,3,1,2,1,1,1,2,1,2,3,0,2,0
2,2,0,0,0,1,1,1,0,1,0,0,0,0,1,0,0,0,1,0,0,1,0,2,1,1,1,2,1,4,1,0,0,0,2,1,1,1,0,0,1,1,0,2,1,2,1,1,0,1,1,0,0,1,3,1,1,0,1,0,1,1,2,1,1,0,0,0,2,2,2,1,1,1,0,0,2,2,2,1,0,1,1,1,1,1,0,0,0,1,0,0,0,1,2,1,0,1,0,1,1,0,2,1,0,1,0,1,1,0,0,1,4,3,1,1,1,3,1,0,2,3,1,5,1,0,3,1,7,1,1,0,1,0,1,1,0,2,1,2,0,0,0,3,2,1,1,0,2,0
2,1,0,0,0,0,0,2,0,1,0,0,0,1,0,0,0,0,0,0,1,0,0,0,1,1,0,1,0,2,0,1,0,0,1,1,0,1,0,0,1,1,1,2,1,0,1,0,1,1,1,0,1,2,4,2,1,0,0,0,0,1,1,1,0,0,0,0,3,1,2,0,0,1,0,0,2,2,1,0,0,0,1,1,0,1,0,0,0,1,1,1,0,1,1,0,0,1,1,1,1,0,0,0,0,0,0,1,1,0,1,0,2,4,1,0,1,3,2,0,2,1,1,4,0,1,5,1,5,2,1,0,0,0,0,0,1,1,0,1,0,0,0,2,2,2,1,0,2,0
2,1,1,0,1,1,1,2,0,0,0,0,0,0,1,1,0,1,0,0,0,0,1,1,2,0,1,2,0,2,0,0,1,1,0,1,0,0,1,0,0,0,2,1,2,0,1,0,0,2,0,1,0,1,3,1,3,0,0,0,1,1,2,0,1,0,1,1,3,2,2,1,1,2,0,1,2,1,0,0,0,0,2,1,0,1,1,1,0,1,2,1,0,3,4,2,0,1,1,2,1,1,0,1,1,0,0,2,1,1,1,0,3,3,0,1,1,3,2,0,3,3,2,4,1,1,6,1,5,1,1,1,1,0,0,1,1,2,0,2,1,1,0,4,2,1,2,1,2,1
2,1,2,1,1,1,0,2,0,2,3,0,1,0,0,1,1,0,1,0,0,1,1,2,4,0,1,4,0,3,1,1,2,1,1,4,1,1,1,0,2,2,2,0,2,0,1,1,1,2,1,1,1,1,6,1,3,0,1,1,1,2,3,0,3,0,1,1,5,4,6,2,1,2,1,3,4,1,1,1,1,0,2,4,2,1,0,2,1,1,8,1,1,4,6,2,0,1,2,2,1,2,1,2,0,6,3,3,1,1,1,2,4,4,0,2,2,6,1,0,2,6,3,7,2,3,7,4,8,3,3,1,4,2,1,2,2,2,1,2,2,1,4,6,4,2,3,1,2,2
4,4,1,1,2,2,1,4,1,7,7,1,3,4,3,1,3,0,1,1,3,1,0,5,4,0,2,3,4,9,6,2,3,3,1,10,3,4,1,0,4,2,3,2,5,0,2,1,5,4,3,6,3,2,14,3,3,2,3,3,5,5,5,4,6,0,6,4,3,6,8,2,2,4,2,2,14,4,2,0,1,3,3,15,6,5,1,3,2,4,16,3,3,8,10,5,6,1,3,3,2,3,3,5,2,12,6,3,2,3,1,3,4,6,1,3,4,14,4,2,5,9,6,8,0,8,10,10,9,3,6,4,7,4,3,7,5,3,2,3,3,2,6,8,9,3,4,2,6,3
4,5,2,1,3,3,3,8,1,10,8,1,1,3,6,4,6,2,2,4,4,5,1,8,6,0,5,9,5,17,6,3,4,4,2,13,4,3,2,0,5,1,4,4,9,1,3,1,9,3,4,5,4,2,16,8,4,2,6,5,5,7,7,7,10,2,5,5,4,6,11,2,1,2,3,6,15,9,4,1,4,4,3,15,7,7,2,3,2,4,15,2,5,9,13,10,10,2,7,5,5,5,5,9,3,15,15,4,4,3,2,3,7,6,1,4,6,20,5,3,7,14,4,9,3,11,11,15,11,5,6,6,9,6,4,12,3,3,5,3,5,1,8,9,10,5,6,2,6,5
5,5,1,0,2,2,6,11,0,15,9,1,3,3,7,4,4,3,1,2,6,5,3,9,7,1,3,10,5,13,9,2,3,7,1,14,4,6,1,2,5,2,3,4,9,0,4,3,9,3,5,7,4,4,17,11,5,4,5,4,6,5,6,8,12,2,3,5,5,6,11,2,2,3,2,5,14,9,5,1,5,3,5,10,8,7,2,3,2,4,21,3,4,9,14,7,15,3,8,4,7,6,7,11,3,15,14,4,4,6,3,4,6,8,1,7,7,21,6,6,8,13,5,8,2,12,13,14,11,5,6,5,12,3,4,7,4,4,6,3,6,1,8,7,10,6,4,3,6,8
6,6,2,1,5,4,3,12,0,17,7,0,4,4,7,5,5,2,2,3,5,8,1,7,10,1,6,13,9,22,10,5,3,6,2,19,5,10,3,3,5,3,3,4,7,1,3,4,9,2,3,7,3,4,16,15,5,2,5,4,7,8,8,8,14,4,5,6,5,5,11,2,3,2,2,4,12,9,3,2,5,1,4,10,8,4,2,3,3,4,16,6,3,9,17,8,16,4,10,2,5,5,8,10,3,14,18,5,4,6,4,3,10,7,1,4,5,16,7,6,9,13,4,9,4,12,11,13,12,7,6,6,10,4,6,8,6,4,9,2,7,2,7,7,11,3,5,3,8,7
7,6,2,1,4,3,4,13,1,14,11,0,6,5,3,6,6,2,1,2,9,10,2,6,8,0,7,12,5,21,12,5,3,4,3,16,5,6,3,3,5,3,6,6,8,0,2,2,9,2,3,7,3,5,18,9,6,2,5,6,6,7,6,9,16,3,4,6,4,4,9,2,2,2,1,4,13,11,4,2,4,3,4,7,9,3,2,6,2,4,16,3,4,8,18,5,10,4,9,3,5,5,7,16,3,15,21,6,5,3,5,5,11,7,2,2,4,14,4,6,6,12,4,9,2,10,10,11,12,6,6,6,10,5,4,6,6,4,10,2,5,1,8,6,11,4,5,2,4,5
4,7,3,1,5,4,5,18,0,12,8,1,5,5,3,7,7,2,1,3,11,14,3,8,7,2,3,11,8,23,10,5,4,7,2,13,6,6,4,2,6,5,5,8,7,0,1,2,11,2,3,5,4,8,21,12,9,3,6,6,5,6,11,8,15,2,5,7,6,3,8,2,1,2,2,4,11,7,4,2,2,1,3,10,5,5,2,3,0,3,21,3,5,11,15,6,5,3,8,5,3,7,7,15,2,18,19,5,4,5,2,3,10,8,1,3,5,15,7,4,6,10,5,7,5,10,12,13,11,6,6,10,14,5,4,6,5,5,9,2,7,2,8,7,12,5,3,2,6,5
3,6,2,1,7,4,4,17,0,11,10,1,3,4,3,6,6,2,0,2,7,11,3,8,8,2,4,7,7,22,8,5,3,7,3,13,5,5,4,0,4,4,5,7,7,1,2,1,12,2,4,6,4,4,21,11,7,2,4,7,7,7,7,10,14,3,6,5,7,5,10,2,2,2,1,5,9,5,2,4,3,2,4,12,11,5,2,4,1,2,23,5,5,8,17,9,7,1,8,6,4,6,7,13,3,22,17,6,4,9,2,3,7,5,1,2,3,15,7,4,7,13,5,8,6,11,13,19,12,7,8,8,11,4,3,7,5,6,9,3,8,1,5,5,15,4,3,1,5,6
5,5,3,1,4,3,5,15,0,11,8,1,3,4,2,7,5,3,1,2,8,10,3,10,7,0,5,9,9,26,5,5,4,4,3,12,4,7,2,4,5,4,4,7,7,1,1,2,11,0,4,8,4,5,23,12,4,2,3,5,3,6,7,10,12,2,4,6,4,3,7,1,2,1,2,6,10,10,4,3,3,2,2,7,8,5,2,4,0,3,21,4,4,6,17,9,6,3,7,3,4,6,7,16,2,22,20,6,6,5,2,2,7,3,0,2,4,15,5,7,6,9,6,6,5,13,12,14,9,5,9,12,10,3,4,8,7,4,9,2,6,1,5,5,14,4,3,2,3,5
4,6,2,1,5,6,3,13,1,13,8,2,3,5,2,7,5,2,2,2,12,13,4,13,8,1,3,7,9,27,9,6,2,6,4,15,3,6,3,2,6,4,6,7,8,0,1,2,10,1,5,7,4,2,21,12,5,2,4,4,7,6,7,6,15,2,3,5,3,4,7,2,1,1,2,3,12,10,2,4,4,3,3,12,11,7,2,5,1,4,31,3,5,8,23,13,7,5,10,2,6,5,12,16,3,24,20,4,6,6,2,2,8,6,0,2,5,12,4,5,6,9,3,7,3,11,11,15,10,9,12,7,16,2,4,7,5,5,9,2,9,0,6,6,15,3,4,1,3,6
4,6,3,2,6,5,3,16,1,9,9,1,4,5,1,7,6,3,1,2,14,13,4,11,8,2,4,10,10,29,7,8,5,9,3,12,4,7,5,3,8,5,4,6,7,1,1,2,14,1,5,9,3,4,25,16,7,2,5,4,7,7,13,7,14,3,8,4,5,6,10,3,4,3,1,3,14,15,3,4,2,2,4,12,8,6,2,5,3,3,35,6,7,8,22,10,3,3,5,3,6,4,13,21,2,23,19,6,4,12,1,2,8,7,1,2,5,21,7,8,4,9,3,7,6,12,11,14,13,9,12,10,16,4,4,10,3,3,8,4,9,1,7,5,11,5,5,3,6,6
4,4,6,2,7,3,4,15,1,9,10,1,3,4,2,6,5,2,3,2,13,11,4,14,7,2,4,8,10,32,4,9,4,10,3,9,3,6,5,4,8,2,5,7,7,0,1,3,16,1,2,8,5,4,29,18,6,5,4,6,7,6,12,10,14,2,9,5,5,5,8,1,3,3,3,5,15,12,3,3,4,4,4,13,10,7,1,4,1,4,21,5,4,9,19,14,2,4,8,4,10,5,10,21,4,29,19,6,4,8,1,3,7,11,1,4,8,24,6,8,7,10,4,9,5,13,15,22,15,10,10,10,14,5,3,10,6,5,9,2,12,3,4,8,11,3,6,2,7,9
4,4,3,1,6,4,5,17,1,6,14,1,3,3,1,7,2,4,3,3,11,13,3,15,6,1,4,9,7,28,3,7,4,8,2,11,3,7,6,2,10,4,6,7,5,1,3,3,12,2,4,10,4,6,25,13,8,1,2,9,9,6,11,11,14,3,10,4,8,7,10,2,3,3,4,6,19,10,7,4,3,2,5,16,9,7,1,3,3,5,18,5,3,12,22,13,3,5,4,4,7,4,9,15,4,31,26,7,3,7,2,4,10,10,3,5,6,24,9,6,7,13,3,9,3,11,14,20,17,11,12,12,23,2,2,8,7,2,10,4,11,2,4,7,7,5,6,4,7,7
4,3,4,1,7,3,5,17,0,5,9,2,3,5,1,7,1,2,2,2,11,11,2,10,9,1,3,8,8,24,6,5,4,6,3,9,2,5,5,2,8,3,5,6,7,0,2,4,12,1,5,7,2,4,24,11,7,4,3,7,5,6,10,9,11,2,6,5,7,6,9,1,3,3,3,4,9,10,3,3,3,3,4,10,11,5,2,3,1,3,8,4,5,8,16,11,2,4,5,4,7,6,10,15,4,24,20,7,5,9,2,5,12,13,2,5,4,20,5,6,5,9,3,8,5,12,16,19,19,9,7,10,15,6,2,8,7,4,10,3,8,2,5,6,7,6,5,3,5,8
4,2,2,1,7,3,4,13,0,7,12,1,4,4,1,4,2,3,1,1,11,10,2,10,7,0,2,7,8,29,4,5,6,5,2,11,2,6,5,2,10,4,4,6,5,0,3,2,14,2,4,7,4,2,23,11,6,4,3,6,3,6,9,9,9,2,6,5,6,7,9,3,4,4,1,4,12,11,4,4,4,2,6,9,9,5,3,4,1,4,7,3,4,7,15,11,2,4,4,5,5,3,8,19,4,24,18,6,5,8,2,2,16,12,1,4,4,17,4,5,5,5,5,11,5,9,17,14,20,10,9,13,13,5,3,8,7,4,8,4,7,2,5,5,7,4,7,2,6,6
4,4,4,2,7,1,5,12,1,5,7,1,3,6,2,5,2,4,1,1,8,9,2,6,7,1,3,7,5,22,3,5,4,6,3,7,2,4,3,1,7,6,6,8,2,1,2,1,9,2,4,6,3,2,20,11,6,3,4,4,3,5,9,4,9,1,5,3,7,9,8,4,2,2,3,3,13,6,5,3,4,2,6,7,7,3,2,5,1,3,6,3,5,9,14,7,1,3,7,4,5,5,7,16,6,14,15,5,4,6,1,2,15,15,1,4,4,17,7,7,6,10,6,13,6,10,16,14,19,7,7,9,7,3,5,7,8,6,8,5,7,2,4,7,4,6,5,1,6,6
5,3,3,1,4,2,5,8,1,5,5,3,3,4,2,4,1,3,0,3,9,8,1,4,11,1,4,8,5,21,2,4,3,2,4,5,4,6,2,1,8,5,7,6,3,0,2,3,8,2,8,5,4,2,13,7,3,4,1,1,3,6,6,4,6,1,3,3,7,9,12,4,1,3,1,4,10,6,4,2,3,2,5,5,6,5,3,3,1,5,6,5,5,7,11,7,1,4,3,5,6,6,6,8,4,13,10,5,4,4,1,3,15,13,1,4,4,11,6,4,9,12,5,12,8,9,18,9,15,7,5,6,11,2,5,4,5,5,6,3,5,1,5,4,8,5,4,1,5,6
4,2,2,1,4,2,3,6,1,3,3,0,3,3,0,2,1,3,0,2,2,3,1,3,9,1,4,7,1,12,3,1,2,3,3,2,4,4,2,1,4,5,4,4,3,1,3,3,5,2,6,3,2,1,8,3,2,3,2,2,2,3,4,4,5,1,2,3,6,12,12,3,3,4,1,2,8,2,3,2,3,3,4,4,4,4,2,3,1,2,4,5,3,7,11,3,0,2,3,3,3,5,3,5,2,10,4,4,5,3,2,1,8,10,2,4,4,7,5,3,4,8,5,8,4,6,13,7,13,4,3,5,6,3,5,5,3,4,5,4,5,2,3,6,4,5,4,2,4,3
5,2,2,0,3,0,4,4,0,2,3,0,3,3,1,2,0,2,0,0,1,2,2,2,5,0,6,7,0,6,1,2,4,2,2,4,1,5,2,0,3,2,5,4,1,0,1,2,2,2,3,3,2,3,7,2,2,2,0,2,3,2,3,5,4,2,2,1,4,9,7,2,3,2,2,1,5,0,5,2,3,2,2,0,3,3,1,2,1,3,3,2,3,7,8,4,0,3,1,2,2,3,3,3,2,6,2,3,3,3,1,1,9,5,2,3,4,7,4,2,4,8,4,9,3,4,12,6,12,4,1,3,2,3,4,3,2,3,2,3,2,0,3,4,3,4,3,2,3,2
2,2,2,0,1,1,2,5,0,0,2,0,2,2,1,1,0,1,0,1,1,1,1,2,3,1,1,3,0,4,0,1,2,1,2,3,1,3,2,0,1,1,3,2,1,0,1,1,2,2,3,2,0,0,8,3,2,0,0,2,1,1,2,2,4,0,1,1,3,6,7,1,0,1,1,1,3,2,2,1,2,3,2,1,1,1,0,1,1,2,2,2,2,3,5,2,0,1,1,1,1,1,2,2,1,2,1,2,1,0,0,1,4,4,2,2,3,3,2,2,3,5,1,6,2,3,7,3,9,3,1,1,2,0,3,2,3,3,1,1,2,0,1,4,3,3,3,1,1,1
2,1,0,0,1,0,0,2,0,0,1,0,2,3,2,0,0,0,0,0,1,2,1,3,2,0,2,2,0,4,0,1,1,1,1,3,2,1,1,0,2,1,2,2,0,0,1,0,1,1,2,2,1,1,6,1,2,1,0,0,0,1,2,1,1,0,1,1,1,3,5,1,0,0,0,0,2,1,1,1,1,0,2,1,1,1,1,1,1,2,0,2,1,2,3,1,0,0,1,1,2,1,2,1,1,1,0,2,1,1,2,1,5,3,0,2,1,2,2,1,2,2,1,5,1,1,6,3,8,2,0,1,0,0,3,2,1,2,1,1,1,1,1,3,1,2,3,0,1,1
